program_name,variant_type,op_count_or_size,poly_modulus_degree,coeff_modulus_size_bits,plain_modulus_bit_size,coeff_modulus_prime_bits_csv,depth,mul_depth,ct_ct_muls,relinearizations,rotations,ct_ct_adds,pl_ct_muls,pl_ct_adds,median_execution_time_us
rotate,scalar,1,4096,90,18,"30,30,30",1,0,0,0,1,0,0,0,1370
rotate,scalar,10,4096,90,18,"30,30,30",10,0,0,0,10,0,0,0,12445
rotate,scalar,50,4096,90,18,"30,30,30",50,0,0,0,50,0,0,0,61690
rotate,scalar,80,4096,90,18,"30,30,30",80,0,0,0,80,0,0,0,98820
rotate,scalar,100,4096,90,18,"30,30,30",100,0,0,0,100,0,0,0,123415
rotate,scalar,250,4096,90,18,"30,30,30",250,0,0,0,250,0,0,0,308221
rotate,scalar,500,4096,90,18,"30,30,30",500,0,0,0,500,0,0,0,616500
rotate,scalarconda,750,4096,90,18,"30,30,30",750,0,0,0,750,0,0,0,924580
rotate,scalar,1000,4096,90,18,"30,30,30",1000,0,0,0,1000,0,0,0,1232621
rotate,scalar,1,4096,90,20,"30,30,30",1,0,0,0,1,0,0,0,1375
rotate,scalar,10,4096,90,20,"30,30,30",10,0,0,0,10,0,0,0,12441
rotate,scalar,50,4096,90,20,"30,30,30",50,0,0,0,50,0,0,0,61867
rotate,scalar,80,4096,90,20,"30,30,30",80,0,0,0,80,0,0,0,98801
rotate,scalar,100,4096,90,20,"30,30,30",100,0,0,0,100,0,0,0,123392
rotate,scalar,250,4096,90,20,"30,30,30",250,0,0,0,250,0,0,0,308262
rotate,scalar,500,4096,90,20,"30,30,30",500,0,0,0,500,0,0,0,616509
rotate,scalar,750,4096,90,20,"30,30,30",750,0,0,0,750,0,0,0,924689
rotate,scalar,1000,4096,90,20,"30,30,30",1000,0,0,0,1000,0,0,0,1232637
rotate,scalar,1,4096,90,25,"30,30,30",1,0,0,0,1,0,0,0,1373
rotate,scalar,10,4096,90,25,"30,30,30",10,0,0,0,10,0,0,0,12458
rotate,scalar,50,4096,90,25,"30,30,30",50,0,0,0,50,0,0,0,61742
rotate,scalar,80,4096,90,25,"30,30,30",80,0,0,0,80,0,0,0,98862
rotate,scalar,100,4096,90,25,"30,30,30",100,0,0,0,100,0,0,0,123497
rotate,scalar,250,4096,90,25,"30,30,30",250,0,0,0,250,0,0,0,308646
rotate,scalar,500,4096,90,25,"30,30,30",500,0,0,0,500,0,0,0,616850
rotate,scalar,750,4096,90,25,"30,30,30",750,0,0,0,750,0,0,0,924603
rotate,scalar,1000,4096,90,25,"30,30,30",1000,0,0,0,1000,0,0,0,1232288
rotate,scalar,1,8192,130,18,"40,30,30,30",1,0,0,0,1,0,0,0,4554
rotate,scalar,10,8192,130,18,"40,30,30,30",10,0,0,0,10,0,0,0,42782
rotate,scalar,50,8192,130,18,"40,30,30,30",50,0,0,0,50,0,0,0,213160
rotate,scalar,80,8192,130,18,"40,30,30,30",80,0,0,0,80,0,0,0,340524
rotate,scalar,100,8192,130,18,"40,30,30,30",100,0,0,0,100,0,0,0,425630
rotate,scalar,250,8192,130,18,"40,30,30,30",250,0,0,0,250,0,0,0,1062666
rotate,scalar,500,8192,130,18,"40,30,30,30",500,0,0,0,500,0,0,0,2123715
rotate,scalar,750,8192,130,18,"40,30,30,30",750,0,0,0,750,0,0,0,3184371
rotate,scalar,1000,8192,130,18,"40,30,30,30",1000,0,0,0,1000,0,0,0,4245466
rotate,scalar,1,8192,130,20,"40,30,30,30",1,0,0,0,1,0,0,0,4547
rotate,scalar,10,8192,130,20,"40,30,30,30",10,0,0,0,10,0,0,0,42764
rotate,scalar,50,8192,130,20,"40,30,30,30",50,0,0,0,50,0,0,0,212660
rotate,scalar,80,8192,130,20,"40,30,30,30",80,0,0,0,80,0,0,0,340312
rotate,scalar,100,8192,130,20,"40,30,30,30",100,0,0,0,100,0,0,0,425327
rotate,scalar,250,8192,130,20,"40,30,30,30",250,0,0,0,250,0,0,0,1062287
rotate,scalar,500,8192,130,20,"40,30,30,30",500,0,0,0,500,0,0,0,2124110
rotate,scalar,750,8192,130,20,"40,30,30,30",750,0,0,0,750,0,0,0,3184983
rotate,scalar,1000,8192,130,20,"40,30,30,30",1000,0,0,0,1000,0,0,0,4248084
rotate,scalar,1,8192,130,25,"40,30,30,30",1,0,0,0,1,0,0,0,4551
rotate,scalar,10,8192,130,25,"40,30,30,30",10,0,0,0,10,0,0,0,42885
rotate,scalar,50,8192,130,25,"40,30,30,30",50,0,0,0,50,0,0,0,212727
rotate,scalar,80,8192,130,25,"40,30,30,30",80,0,0,0,80,0,0,0,340370
rotate,scalar,100,8192,130,25,"40,30,30,30",100,0,0,0,100,0,0,0,425310
rotate,scalar,250,8192,130,25,"40,30,30,30",250,0,0,0,250,0,0,0,1062647
rotate,scalar,500,8192,130,25,"40,30,30,30",500,0,0,0,500,0,0,0,2124492
rotate,scalar,750,8192,130,25,"40,30,30,30",750,0,0,0,750,0,0,0,3186193
rotate,scalar,1000,8192,130,25,"40,30,30,30",1000,0,0,0,1000,0,0,0,4247737
rotate,scalar,1,16384,160,18,"40,30,30,30,30",1,0,0,0,1,0,0,0,14153
rotate,scalar,10,16384,160,18,"40,30,30,30,30",10,0,0,0,10,0,0,0,133401
rotate,scalar,50,16384,160,18,"40,30,30,30,30",50,0,0,0,50,0,0,0,663779
rotate,scalar,80,16384,160,18,"40,30,30,30,30",80,0,0,0,80,0,0,0,1061360
rotate,scalar,100,16384,160,18,"40,30,30,30,30",100,0,0,0,100,0,0,0,1327935
rotate,scalar,250,16384,160,18,"40,30,30,30,30",250,0,0,0,250,0,0,0,3316940
rotate,scalar,500,16384,160,18,"40,30,30,30,30",500,0,0,0,500,0,0,0,6633043
rotate,scalar,750,16384,160,18,"40,30,30,30,30",750,0,0,0,750,0,0,0,9944023
rotate,scalar,1000,16384,160,18,"40,30,30,30,30",1000,0,0,0,1000,0,0,0,13257567
rotate,scalar,1,16384,160,20,"40,30,30,30,30",1,0,0,0,1,0,0,0,14155
rotate,scalar,10,16384,160,20,"40,30,30,30,30",10,0,0,0,10,0,0,0,133521
rotate,scalar,50,16384,160,20,"40,30,30,30,30",50,0,0,0,50,0,0,0,664268
rotate,scalar,80,16384,160,20,"40,30,30,30,30",80,0,0,0,80,0,0,0,1062267
rotate,scalar,100,16384,160,20,"40,30,30,30,30",100,0,0,0,100,0,0,0,1327615
rotate,scalar,250,16384,160,20,"40,30,30,30,30",250,0,0,0,250,0,0,0,3315925
rotate,scalar,500,16384,160,20,"40,30,30,30,30",500,0,0,0,500,0,0,0,6631032
rotate,scalar,750,16384,160,20,"40,30,30,30,30",750,0,0,0,750,0,0,0,9945771
rotate,scalar,1000,16384,160,20,"40,30,30,30,30",1000,0,0,0,1000,0,0,0,13256931
rotate,scalar,1,16384,160,25,"40,30,30,30,30",1,0,0,0,1,0,0,0,14160
rotate,scalar,10,16384,160,25,"40,30,30,30,30",10,0,0,0,10,0,0,0,133573
rotate,scalar,50,16384,160,25,"40,30,30,30,30",50,0,0,0,50,0,0,0,663686
rotate,scalar,80,16384,160,25,"40,30,30,30,30",80,0,0,0,80,0,0,0,1061707
rotate,scalar,100,16384,160,25,"40,30,30,30,30",100,0,0,0,100,0,0,0,1326781
rotate,scalar,250,16384,160,25,"40,30,30,30,30",250,0,0,0,250,0,0,0,3315606
rotate,scalar,500,16384,160,25,"40,30,30,30,30",500,0,0,0,500,0,0,0,6631595
rotate,scalar,750,16384,160,25,"40,30,30,30,30",750,0,0,0,750,0,0,0,9937607
rotate,scalar,1000,16384,160,25,"40,30,30,30,30",1000,0,0,0,1000,0,0,0,13253082
rotate,scalar,1,16384,260,18,"50,40,40,40,40,50",1,0,0,0,1,0,0,0,19254
rotate,scalar,10,16384,260,18,"50,40,40,40,40,50",10,0,0,0,10,0,0,0,185721
rotate,scalar,50,16384,260,18,"50,40,40,40,40,50",50,0,0,0,50,0,0,0,925094
rotate,scalar,80,16384,260,18,"50,40,40,40,40,50",80,0,0,0,80,0,0,0,1480640
rotate,scalar,100,16384,260,18,"50,40,40,40,40,50",100,0,0,0,100,0,0,0,1849432
rotate,scalar,250,16384,260,18,"50,40,40,40,40,50",250,0,0,0,250,0,0,0,4622340
rotate,scalar,500,16384,260,18,"50,40,40,40,40,50",500,0,0,0,500,0,0,0,9246868
rotate,scalar,750,16384,260,18,"50,40,40,40,40,50",750,0,0,0,750,0,0,0,13865203
rotate,scalar,1000,16384,260,18,"50,40,40,40,40,50",1000,0,0,0,1000,0,0,0,18491706
rotate,scalar,1,16384,260,20,"50,40,40,40,40,50",1,0,0,0,1,0,0,0,19249
rotate,scalar,10,16384,260,20,"50,40,40,40,40,50",10,0,0,0,10,0,0,0,185614
rotate,scalar,50,16384,260,20,"50,40,40,40,40,50",50,0,0,0,50,0,0,0,925243
rotate,scalar,80,16384,260,20,"50,40,40,40,40,50",80,0,0,0,80,0,0,0,1479998
rotate,scalar,100,16384,260,20,"50,40,40,40,40,50",100,0,0,0,100,0,0,0,1848399
rotate,scalar,250,16384,260,20,"50,40,40,40,40,50",250,0,0,0,250,0,0,0,4623090
rotate,scalar,500,16384,260,20,"50,40,40,40,40,50",500,0,0,0,500,0,0,0,9242352
rotate,scalar,750,16384,260,20,"50,40,40,40,40,50",750,0,0,0,750,0,0,0,13857643
rotate,scalar,1000,16384,260,20,"50,40,40,40,40,50",1000,0,0,0,1000,0,0,0,18482608
rotate,scalar,1,16384,260,25,"50,40,40,40,40,50",1,0,0,0,1,0,0,0,19238
rotate,scalar,10,16384,260,25,"50,40,40,40,40,50",10,0,0,0,10,0,0,0,185562
rotate,scalar,50,16384,260,25,"50,40,40,40,40,50",50,0,0,0,50,0,0,0,924698
rotate,scalar,80,16384,260,25,"50,40,40,40,40,50",80,0,0,0,80,0,0,0,1479766
rotate,scalar,100,16384,260,25,"50,40,40,40,40,50",100,0,0,0,100,0,0,0,1846951
rotate,scalar,250,16384,260,25,"50,40,40,40,40,50",250,0,0,0,250,0,0,0,4616518
rotate,scalar,500,16384,260,25,"50,40,40,40,40,50",500,0,0,0,500,0,0,0,9234563
rotate,scalar,750,16384,260,25,"50,40,40,40,40,50",750,0,0,0,750,0,0,0,13859768
rotate,scalar,1000,16384,260,25,"50,40,40,40,40,50",1000,0,0,0,1000,0,0,0,18484411
rotate,scalar,1,16384,270,18,"60,50,50,50,60",1,0,0,0,1,0,0,0,14242
rotate,scalar,10,16384,270,18,"60,50,50,50,60",10,0,0,0,10,0,0,0,134222
rotate,scalar,50,16384,270,18,"60,50,50,50,60",50,0,0,0,50,0,0,0,666273
rotate,scalar,80,16384,270,18,"60,50,50,50,60",80,0,0,0,80,0,0,0,1064297
rotate,scalar,100,16384,270,18,"60,50,50,50,60",100,0,0,0,100,0,0,0,1333259
rotate,scalar,250,16384,270,18,"60,50,50,50,60",250,0,0,0,250,0,0,0,3333151
rotate,scalar,500,16384,270,18,"60,50,50,50,60",500,0,0,0,500,0,0,0,6653850
rotate,scalar,750,16384,270,18,"60,50,50,50,60",750,0,0,0,750,0,0,0,9974638
rotate,scalar,1000,16384,270,18,"60,50,50,50,60",1000,0,0,0,1000,0,0,0,13333710
rotate,scalar,1,16384,270,20,"60,50,50,50,60",1,0,0,0,1,0,0,0,14199
rotate,scalar,10,16384,270,20,"60,50,50,50,60",10,0,0,0,10,0,0,0,134279
rotate,scalar,50,16384,270,20,"60,50,50,50,60",50,0,0,0,50,0,0,0,667142
rotate,scalar,80,16384,270,20,"60,50,50,50,60",80,0,0,0,80,0,0,0,1066533
rotate,scalar,100,16384,270,20,"60,50,50,50,60",100,0,0,0,100,0,0,0,1333218
rotate,scalar,250,16384,270,20,"60,50,50,50,60",250,0,0,0,250,0,0,0,3332836
rotate,scalar,500,16384,270,20,"60,50,50,50,60",500,0,0,0,500,0,0,0,6665432
rotate,scalar,750,16384,270,20,"60,50,50,50,60",750,0,0,0,750,0,0,0,9982437
rotate,scalar,1000,16384,270,20,"60,50,50,50,60",1000,0,0,0,1000,0,0,0,13299533
rotate,scalar,1,16384,270,25,"60,50,50,50,60",1,0,0,0,1,0,0,0,14205
rotate,scalar,10,16384,270,25,"60,50,50,50,60",10,0,0,0,10,0,0,0,133909
rotate,scalar,50,16384,270,25,"60,50,50,50,60",50,0,0,0,50,0,0,0,665873
rotate,scalar,80,16384,270,25,"60,50,50,50,60",80,0,0,0,80,0,0,0,1065154
rotate,scalar,100,16384,270,25,"60,50,50,50,60",100,0,0,0,100,0,0,0,1330964
rotate,scalar,250,16384,270,25,"60,50,50,50,60",250,0,0,0,250,0,0,0,3323988
rotate,scalar,500,16384,270,25,"60,50,50,50,60",500,0,0,0,500,0,0,0,6647147
rotate,scalar,750,16384,270,25,"60,50,50,50,60",750,0,0,0,750,0,0,0,9969803
rotate,scalar,1000,16384,270,25,"60,50,50,50,60",1000,0,0,0,1000,0,0,0,13293419
rotate,vector,1,4096,90,18,"30,30,30",1,0,0,0,1,0,0,0,1366
rotate,vector,10,4096,90,18,"30,30,30",1,0,0,0,1,0,0,0,1360
rotate,vector,50,4096,90,18,"30,30,30",1,0,0,0,1,0,0,0,1360
rotate,vector,80,4096,90,18,"30,30,30",1,0,0,0,1,0,0,0,1363
rotate,vector,100,4096,90,18,"30,30,30",1,0,0,0,1,0,0,0,1368
rotate,vector,250,4096,90,18,"30,30,30",1,0,0,0,1,0,0,0,1362
rotate,vector,500,4096,90,18,"30,30,30",1,0,0,0,1,0,0,0,1362
rotate,vector,750,4096,90,18,"30,30,30",1,0,0,0,1,0,0,0,1362
rotate,vector,1000,4096,90,18,"30,30,30",1,0,0,0,1,0,0,0,1361
rotate,vector,1,4096,90,20,"30,30,30",1,0,0,0,1,0,0,0,1361
rotate,vector,10,4096,90,20,"30,30,30",1,0,0,0,1,0,0,0,1399
rotate,vector,50,4096,90,20,"30,30,30",1,0,0,0,1,0,0,0,1362
rotate,vector,80,4096,90,20,"30,30,30",1,0,0,0,1,0,0,0,1361
rotate,vector,100,4096,90,20,"30,30,30",1,0,0,0,1,0,0,0,1363
rotate,vector,250,4096,90,20,"30,30,30",1,0,0,0,1,0,0,0,1367
rotate,vector,500,4096,90,20,"30,30,30",1,0,0,0,1,0,0,0,1366
rotate,vector,750,4096,90,20,"30,30,30",1,0,0,0,1,0,0,0,1368
rotate,vector,1000,4096,90,20,"30,30,30",1,0,0,0,1,0,0,0,1369
rotate,vector,1,4096,90,25,"30,30,30",1,0,0,0,1,0,0,0,1361
rotate,vector,10,4096,90,25,"30,30,30",1,0,0,0,1,0,0,0,1360
rotate,vector,50,4096,90,25,"30,30,30",1,0,0,0,1,0,0,0,1353
rotate,vector,80,4096,90,25,"30,30,30",1,0,0,0,1,0,0,0,1359
rotate,vector,100,4096,90,25,"30,30,30",1,0,0,0,1,0,0,0,1360
rotate,vector,250,4096,90,25,"30,30,30",1,0,0,0,1,0,0,0,1371
rotate,vector,500,4096,90,25,"30,30,30",1,0,0,0,1,0,0,0,1362
rotate,vector,750,4096,90,25,"30,30,30",1,0,0,0,1,0,0,0,1363
rotate,vector,1000,4096,90,25,"30,30,30",1,0,0,0,1,0,0,0,1363
rotate,vector,1,8192,130,18,"40,30,30,30",1,0,0,0,1,0,0,0,4552
rotate,vector,10,8192,130,18,"40,30,30,30",1,0,0,0,1,0,0,0,4556
rotate,vector,50,8192,130,18,"40,30,30,30",1,0,0,0,1,0,0,0,4562
rotate,vector,80,8192,130,18,"40,30,30,30",1,0,0,0,1,0,0,0,4558
rotate,vector,100,8192,130,18,"40,30,30,30",1,0,0,0,1,0,0,0,4558
rotate,vector,250,8192,130,18,"40,30,30,30",1,0,0,0,1,0,0,0,4550
rotate,vector,500,8192,130,18,"40,30,30,30",1,0,0,0,1,0,0,0,4551
rotate,vector,750,8192,130,18,"40,30,30,30",1,0,0,0,1,0,0,0,4555
rotate,vector,1000,8192,130,18,"40,30,30,30",1,0,0,0,1,0,0,0,4562
rotate,vector,1,8192,130,20,"40,30,30,30",1,0,0,0,1,0,0,0,4558
rotate,vector,10,8192,130,20,"40,30,30,30",1,0,0,0,1,0,0,0,4556
rotate,vector,50,8192,130,20,"40,30,30,30",1,0,0,0,1,0,0,0,4562
rotate,vector,80,8192,130,20,"40,30,30,30",1,0,0,0,1,0,0,0,4561
rotate,vector,100,8192,130,20,"40,30,30,30",1,0,0,0,1,0,0,0,4558
rotate,vector,250,8192,130,20,"40,30,30,30",1,0,0,0,1,0,0,0,4565
rotate,vector,500,8192,130,20,"40,30,30,30",1,0,0,0,1,0,0,0,4559
rotate,vector,750,8192,130,20,"40,30,30,30",1,0,0,0,1,0,0,0,4556
rotate,vector,1000,8192,130,20,"40,30,30,30",1,0,0,0,1,0,0,0,4562
rotate,vector,1,8192,130,25,"40,30,30,30",1,0,0,0,1,0,0,0,4556
rotate,vector,10,8192,130,25,"40,30,30,30",1,0,0,0,1,0,0,0,4561
rotate,vector,50,8192,130,25,"40,30,30,30",1,0,0,0,1,0,0,0,4555
rotate,vector,80,8192,130,25,"40,30,30,30",1,0,0,0,1,0,0,0,4559
rotate,vector,100,8192,130,25,"40,30,30,30",1,0,0,0,1,0,0,0,4564
rotate,vector,250,8192,130,25,"40,30,30,30",1,0,0,0,1,0,0,0,4553
rotate,vector,500,8192,130,25,"40,30,30,30",1,0,0,0,1,0,0,0,4558
rotate,vector,750,8192,130,25,"40,30,30,30",1,0,0,0,1,0,0,0,4562
rotate,vector,1000,8192,130,25,"40,30,30,30",1,0,0,0,1,0,0,0,4551
rotate,vector,1,16384,160,18,"40,30,30,30,30",1,0,0,0,1,0,0,0,14190
rotate,vector,10,16384,160,18,"40,30,30,30,30",1,0,0,0,1,0,0,0,14210
rotate,vector,50,16384,160,18,"40,30,30,30,30",1,0,0,0,1,0,0,0,14193
rotate,vector,80,16384,160,18,"40,30,30,30,30",1,0,0,0,1,0,0,0,14168
rotate,vector,100,16384,160,18,"40,30,30,30,30",1,0,0,0,1,0,0,0,14200
rotate,vector,250,16384,160,18,"40,30,30,30,30",1,0,0,0,1,0,0,0,14198
rotate,vector,500,16384,160,18,"40,30,30,30,30",1,0,0,0,1,0,0,0,14218
rotate,vector,750,16384,160,18,"40,30,30,30,30",1,0,0,0,1,0,0,0,14209
rotate,vector,1000,16384,160,18,"40,30,30,30,30",1,0,0,0,1,0,0,0,14203
rotate,vector,1,16384,160,20,"40,30,30,30,30",1,0,0,0,1,0,0,0,14203
rotate,vector,10,16384,160,20,"40,30,30,30,30",1,0,0,0,1,0,0,0,14202
rotate,vector,50,16384,160,20,"40,30,30,30,30",1,0,0,0,1,0,0,0,14190
rotate,vector,80,16384,160,20,"40,30,30,30,30",1,0,0,0,1,0,0,0,14238
rotate,vector,100,16384,160,20,"40,30,30,30,30",1,0,0,0,1,0,0,0,14200
rotate,vector,250,16384,160,20,"40,30,30,30,30",1,0,0,0,1,0,0,0,14188
rotate,vector,500,16384,160,20,"40,30,30,30,30",1,0,0,0,1,0,0,0,14197
rotate,vector,750,16384,160,20,"40,30,30,30,30",1,0,0,0,1,0,0,0,14208
rotate,vector,1000,16384,160,20,"40,30,30,30,30",1,0,0,0,1,0,0,0,14208
rotate,vector,1,16384,160,25,"40,30,30,30,30",1,0,0,0,1,0,0,0,14211
rotate,vector,10,16384,160,25,"40,30,30,30,30",1,0,0,0,1,0,0,0,14208
rotate,vector,50,16384,160,25,"40,30,30,30,30",1,0,0,0,1,0,0,0,14205
rotate,vector,80,16384,160,25,"40,30,30,30,30",1,0,0,0,1,0,0,0,14211
rotate,vector,100,16384,160,25,"40,30,30,30,30",1,0,0,0,1,0,0,0,14195
rotate,vector,250,16384,160,25,"40,30,30,30,30",1,0,0,0,1,0,0,0,14202
rotate,vector,500,16384,160,25,"40,30,30,30,30",1,0,0,0,1,0,0,0,14195
rotate,vector,750,16384,160,25,"40,30,30,30,30",1,0,0,0,1,0,0,0,14192
rotate,vector,1000,16384,160,25,"40,30,30,30,30",1,0,0,0,1,0,0,0,14181
rotate,vector,1,16384,260,18,"50,40,40,40,40,50",1,0,0,0,1,0,0,0,19263
rotate,vector,10,16384,260,18,"50,40,40,40,40,50",1,0,0,0,1,0,0,0,19233
rotate,vector,50,16384,260,18,"50,40,40,40,40,50",1,0,0,0,1,0,0,0,19243
rotate,vector,80,16384,260,18,"50,40,40,40,40,50",1,0,0,0,1,0,0,0,19249
rotate,vector,100,16384,260,18,"50,40,40,40,40,50",1,0,0,0,1,0,0,0,19238
rotate,vector,250,16384,260,18,"50,40,40,40,40,50",1,0,0,0,1,0,0,0,19238
rotate,vector,500,16384,260,18,"50,40,40,40,40,50",1,0,0,0,1,0,0,0,19240
rotate,vector,750,16384,260,18,"50,40,40,40,40,50",1,0,0,0,1,0,0,0,19245
rotate,vector,1000,16384,260,18,"50,40,40,40,40,50",1,0,0,0,1,0,0,0,19293
rotate,vector,1,16384,260,20,"50,40,40,40,40,50",1,0,0,0,1,0,0,0,19341
rotate,vector,10,16384,260,20,"50,40,40,40,40,50",1,0,0,0,1,0,0,0,19226
rotate,vector,50,16384,260,20,"50,40,40,40,40,50",1,0,0,0,1,0,0,0,19230
rotate,vector,80,16384,260,20,"50,40,40,40,40,50",1,0,0,0,1,0,0,0,19262
rotate,vector,100,16384,260,20,"50,40,40,40,40,50",1,0,0,0,1,0,0,0,19248
rotate,vector,250,16384,260,20,"50,40,40,40,40,50",1,0,0,0,1,0,0,0,19245
rotate,vector,500,16384,260,20,"50,40,40,40,40,50",1,0,0,0,1,0,0,0,19275
rotate,vector,750,16384,260,20,"50,40,40,40,40,50",1,0,0,0,1,0,0,0,19233
rotate,vector,1000,16384,260,20,"50,40,40,40,40,50",1,0,0,0,1,0,0,0,19234
rotate,vector,1,16384,260,25,"50,40,40,40,40,50",1,0,0,0,1,0,0,0,19239
rotate,vector,10,16384,260,25,"50,40,40,40,40,50",1,0,0,0,1,0,0,0,19257
rotate,vector,50,16384,260,25,"50,40,40,40,40,50",1,0,0,0,1,0,0,0,19243
rotate,vector,80,16384,260,25,"50,40,40,40,40,50",1,0,0,0,1,0,0,0,19256
rotate,vector,100,16384,260,25,"50,40,40,40,40,50",1,0,0,0,1,0,0,0,19236
rotate,vector,250,16384,260,25,"50,40,40,40,40,50",1,0,0,0,1,0,0,0,19246
rotate,vector,500,16384,260,25,"50,40,40,40,40,50",1,0,0,0,1,0,0,0,19263
rotate,vector,750,16384,260,25,"50,40,40,40,40,50",1,0,0,0,1,0,0,0,19230
rotate,vector,1000,16384,260,25,"50,40,40,40,40,50",1,0,0,0,1,0,0,0,19240
rotate,vector,1,16384,270,18,"60,50,50,50,60",1,0,0,0,1,0,0,0,14213
rotate,vector,10,16384,270,18,"60,50,50,50,60",1,0,0,0,1,0,0,0,14194
rotate,vector,50,16384,270,18,"60,50,50,50,60",1,0,0,0,1,0,0,0,14202
rotate,vector,80,16384,270,18,"60,50,50,50,60",1,0,0,0,1,0,0,0,14196
rotate,vector,100,16384,270,18,"60,50,50,50,60",1,0,0,0,1,0,0,0,14208
rotate,vector,250,16384,270,18,"60,50,50,50,60",1,0,0,0,1,0,0,0,14200
rotate,vector,500,16384,270,18,"60,50,50,50,60",1,0,0,0,1,0,0,0,14210
rotate,vector,750,16384,270,18,"60,50,50,50,60",1,0,0,0,1,0,0,0,14206
rotate,vector,1000,16384,270,18,"60,50,50,50,60",1,0,0,0,1,0,0,0,14201
rotate,vector,1,16384,270,20,"60,50,50,50,60",1,0,0,0,1,0,0,0,14203
rotate,vector,10,16384,270,20,"60,50,50,50,60",1,0,0,0,1,0,0,0,14201
rotate,vector,50,16384,270,20,"60,50,50,50,60",1,0,0,0,1,0,0,0,14211
rotate,vector,80,16384,270,20,"60,50,50,50,60",1,0,0,0,1,0,0,0,14238
rotate,vector,100,16384,270,20,"60,50,50,50,60",1,0,0,0,1,0,0,0,14198
rotate,vector,250,16384,270,20,"60,50,50,50,60",1,0,0,0,1,0,0,0,14220
rotate,vector,500,16384,270,20,"60,50,50,50,60",1,0,0,0,1,0,0,0,14219
rotate,vector,750,16384,270,20,"60,50,50,50,60",1,0,0,0,1,0,0,0,14207
rotate,vector,1000,16384,270,20,"60,50,50,50,60",1,0,0,0,1,0,0,0,14196
rotate,vector,1,16384,270,25,"60,50,50,50,60",1,0,0,0,1,0,0,0,14201
rotate,vector,10,16384,270,25,"60,50,50,50,60",1,0,0,0,1,0,0,0,14213
rotate,vector,50,16384,270,25,"60,50,50,50,60",1,0,0,0,1,0,0,0,14204
rotate,vector,80,16384,270,25,"60,50,50,50,60",1,0,0,0,1,0,0,0,14210
rotate,vector,100,16384,270,25,"60,50,50,50,60",1,0,0,0,1,0,0,0,14228
rotate,vector,250,16384,270,25,"60,50,50,50,60",1,0,0,0,1,0,0,0,14227
rotate,vector,500,16384,270,25,"60,50,50,50,60",1,0,0,0,1,0,0,0,14222
rotate,vector,750,16384,270,25,"60,50,50,50,60",1,0,0,0,1,0,0,0,14224
rotate,vector,1000,16384,270,25,"60,50,50,50,60",1,0,0,0,1,0,0,0,14210
ct_ct_add,scalar,1,4096,90,18,"30,30,30",1,0,0,0,0,1,0,0,31
ct_ct_add,scalar,10,4096,90,18,"30,30,30",10,0,0,0,0,10,0,0,308
ct_ct_add,scalar,50,4096,90,18,"30,30,30",50,0,0,0,0,50,0,0,1518
ct_ct_add,scalar,80,4096,90,18,"30,30,30",80,0,0,0,0,80,0,0,2430
ct_ct_add,scalar,100,4096,90,18,"30,30,30",100,0,0,0,0,100,0,0,3037
ct_ct_add,scalar,250,4096,90,18,"30,30,30",250,0,0,0,0,250,0,0,7594
ct_ct_add,scalar,500,4096,90,18,"30,30,30",500,0,0,0,0,500,0,0,15176
ct_ct_add,scalar,750,4096,90,18,"30,30,30",750,0,0,0,0,750,0,0,22785
ct_ct_add,scalar,1000,4096,90,18,"30,30,30",1000,0,0,0,0,1000,0,0,30367
ct_ct_add,scalar,1,4096,90,20,"30,30,30",1,0,0,0,0,1,0,0,31
ct_ct_add,scalar,10,4096,90,20,"30,30,30",10,0,0,0,0,10,0,0,303
ct_ct_add,scalar,50,4096,90,20,"30,30,30",50,0,0,0,0,50,0,0,1520
ct_ct_add,scalar,80,4096,90,20,"30,30,30",80,0,0,0,0,80,0,0,2432
ct_ct_add,scalar,100,4096,90,20,"30,30,30",100,0,0,0,0,100,0,0,3037
ct_ct_add,scalar,250,4096,90,20,"30,30,30",250,0,0,0,0,250,0,0,7598
ct_ct_add,scalar,500,4096,90,20,"30,30,30",500,0,0,0,0,500,0,0,15201
ct_ct_add,scalar,750,4096,90,20,"30,30,30",750,0,0,0,0,750,0,0,22789
ct_ct_add,scalar,1000,4096,90,20,"30,30,30",1000,0,0,0,0,1000,0,0,30383
ct_ct_add,scalar,1,4096,90,25,"30,30,30",1,0,0,0,0,1,0,0,31
ct_ct_add,scalar,10,4096,90,25,"30,30,30",10,0,0,0,0,10,0,0,303
ct_ct_add,scalar,50,4096,90,25,"30,30,30",50,0,0,0,0,50,0,0,1519
ct_ct_add,scalar,80,4096,90,25,"30,30,30",80,0,0,0,0,80,0,0,2429
ct_ct_add,scalar,100,4096,90,25,"30,30,30",100,0,0,0,0,100,0,0,3037
ct_ct_add,scalar,250,4096,90,25,"30,30,30",250,0,0,0,0,250,0,0,7597
ct_ct_add,scalar,500,4096,90,25,"30,30,30",500,0,0,0,0,500,0,0,15214
ct_ct_add,scalar,750,4096,90,25,"30,30,30",750,0,0,0,0,750,0,0,22918
ct_ct_add,scalar,1000,4096,90,25,"30,30,30",1000,0,0,0,0,1000,0,0,30272
ct_ct_add,scalar,1,8192,130,18,"40,30,30,30",1,0,0,0,0,1,0,0,91
ct_ct_add,scalar,10,8192,130,18,"40,30,30,30",10,0,0,0,0,10,0,0,898
ct_ct_add,scalar,50,8192,130,18,"40,30,30,30",50,0,0,0,0,50,0,0,4481
ct_ct_add,scalar,80,8192,130,18,"40,30,30,30",80,0,0,0,0,80,0,0,7161
ct_ct_add,scalar,100,8192,130,18,"40,30,30,30",100,0,0,0,0,100,0,0,8949
ct_ct_add,scalar,250,8192,130,18,"40,30,30,30",250,0,0,0,0,250,0,0,22367
ct_ct_add,scalar,500,8192,130,18,"40,30,30,30",500,0,0,0,0,500,0,0,44924
ct_ct_add,scalar,750,8192,130,18,"40,30,30,30",750,0,0,0,0,750,0,0,67107
ct_ct_add,scalar,1000,8192,130,18,"40,30,30,30",1000,0,0,0,0,1000,0,0,89629
ct_ct_add,scalar,1,8192,130,20,"40,30,30,30",1,0,0,0,0,1,0,0,90
ct_ct_add,scalar,10,8192,130,20,"40,30,30,30",10,0,0,0,0,10,0,0,897
ct_ct_add,scalar,50,8192,130,20,"40,30,30,30",50,0,0,0,0,50,0,0,4477
ct_ct_add,scalar,80,8192,130,20,"40,30,30,30",80,0,0,0,0,80,0,0,7190
ct_ct_add,scalar,100,8192,130,20,"40,30,30,30",100,0,0,0,0,100,0,0,8955
ct_ct_add,scalar,250,8192,130,20,"40,30,30,30",250,0,0,0,0,250,0,0,22376
ct_ct_add,scalar,500,8192,130,20,"40,30,30,30",500,0,0,0,0,500,0,0,44967
ct_ct_add,scalar,750,8192,130,20,"40,30,30,30",750,0,0,0,0,750,0,0,67097
ct_ct_add,scalar,1000,8192,130,20,"40,30,30,30",1000,0,0,0,0,1000,0,0,89667
ct_ct_add,scalar,1,8192,130,25,"40,30,30,30",1,0,0,0,0,1,0,0,90
ct_ct_add,scalar,10,8192,130,25,"40,30,30,30",10,0,0,0,0,10,0,0,896
ct_ct_add,scalar,50,8192,130,25,"40,30,30,30",50,0,0,0,0,50,0,0,4477
ct_ct_add,scalar,80,8192,130,25,"40,30,30,30",80,0,0,0,0,80,0,0,7161
ct_ct_add,scalar,100,8192,130,25,"40,30,30,30",100,0,0,0,0,100,0,0,8951
ct_ct_add,scalar,250,8192,130,25,"40,30,30,30",250,0,0,0,0,250,0,0,22380
ct_ct_add,scalar,500,8192,130,25,"40,30,30,30",500,0,0,0,0,500,0,0,44826
ct_ct_add,scalar,750,8192,130,25,"40,30,30,30",750,0,0,0,0,750,0,0,67608
ct_ct_add,scalar,1000,8192,130,25,"40,30,30,30",1000,0,0,0,0,1000,0,0,89739
ct_ct_add,scalar,1,16384,160,18,"40,30,30,30,30",1,0,0,0,0,1,0,0,241
ct_ct_add,scalar,10,16384,160,18,"40,30,30,30,30",10,0,0,0,0,10,0,0,2370
ct_ct_add,scalar,50,16384,160,18,"40,30,30,30,30",50,0,0,0,0,50,0,0,11858
ct_ct_add,scalar,80,16384,160,18,"40,30,30,30,30",80,0,0,0,0,80,0,0,18971
ct_ct_add,scalar,100,16384,160,18,"40,30,30,30,30",100,0,0,0,0,100,0,0,23762
ct_ct_add,scalar,250,16384,160,18,"40,30,30,30,30",250,0,0,0,0,250,0,0,59726
ct_ct_add,scalar,500,16384,160,18,"40,30,30,30,30",500,0,0,0,0,500,0,0,118704
ct_ct_add,scalar,750,16384,160,18,"40,30,30,30,30",750,0,0,0,0,750,0,0,177988
ct_ct_add,scalar,1000,16384,160,18,"40,30,30,30,30",1000,0,0,0,0,1000,0,0,237479
ct_ct_add,scalar,1,16384,160,20,"40,30,30,30,30",1,0,0,0,0,1,0,0,257
ct_ct_add,scalar,10,16384,160,20,"40,30,30,30,30",10,0,0,0,0,10,0,0,2370
ct_ct_add,scalar,50,16384,160,20,"40,30,30,30,30",50,0,0,0,0,50,0,0,11856
ct_ct_add,scalar,80,16384,160,20,"40,30,30,30,30",80,0,0,0,0,80,0,0,18963
ct_ct_add,scalar,100,16384,160,20,"40,30,30,30,30",100,0,0,0,0,100,0,0,23704
ct_ct_add,scalar,250,16384,160,20,"40,30,30,30,30",250,0,0,0,0,250,0,0,59448
ct_ct_add,scalar,500,16384,160,20,"40,30,30,30,30",500,0,0,0,0,500,0,0,118778
ct_ct_add,scalar,750,16384,160,20,"40,30,30,30,30",750,0,0,0,0,750,0,0,178085
ct_ct_add,scalar,1000,16384,160,20,"40,30,30,30,30",1000,0,0,0,0,1000,0,0,237402
ct_ct_add,scalar,1,16384,160,25,"40,30,30,30,30",1,0,0,0,0,1,0,0,240
ct_ct_add,scalar,10,16384,160,25,"40,30,30,30,30",10,0,0,0,0,10,0,0,2379
ct_ct_add,scalar,50,16384,160,25,"40,30,30,30,30",50,0,0,0,0,50,0,0,11878
ct_ct_add,scalar,80,16384,160,25,"40,30,30,30,30",80,0,0,0,0,80,0,0,18963
ct_ct_add,scalar,100,16384,160,25,"40,30,30,30,30",100,0,0,0,0,100,0,0,23701
ct_ct_add,scalar,250,16384,160,25,"40,30,30,30,30",250,0,0,0,0,250,0,0,59454
ct_ct_add,scalar,500,16384,160,25,"40,30,30,30,30",500,0,0,0,0,500,0,0,118722
ct_ct_add,scalar,750,16384,160,25,"40,30,30,30,30",750,0,0,0,0,750,0,0,178237
ct_ct_add,scalar,1000,16384,160,25,"40,30,30,30,30",1000,0,0,0,0,1000,0,0,237346
ct_ct_add,scalar,1,16384,260,18,"50,40,40,40,40,50",1,0,0,0,0,1,0,0,300
ct_ct_add,scalar,10,16384,260,18,"50,40,40,40,40,50",10,0,0,0,0,10,0,0,2981
ct_ct_add,scalar,50,16384,260,18,"50,40,40,40,40,50",50,0,0,0,0,50,0,0,14819
ct_ct_add,scalar,80,16384,260,18,"50,40,40,40,40,50",80,0,0,0,0,80,0,0,23688
ct_ct_add,scalar,100,16384,260,18,"50,40,40,40,40,50",100,0,0,0,0,100,0,0,29791
ct_ct_add,scalar,250,16384,260,18,"50,40,40,40,40,50",250,0,0,0,0,250,0,0,74012
ct_ct_add,scalar,500,16384,260,18,"50,40,40,40,40,50",500,0,0,0,0,500,0,0,148622
ct_ct_add,scalar,750,16384,260,18,"50,40,40,40,40,50",750,0,0,0,0,750,0,0,223763
ct_ct_add,scalar,1000,16384,260,18,"50,40,40,40,40,50",1000,0,0,0,0,1000,0,0,298335
ct_ct_add,scalar,1,16384,260,20,"50,40,40,40,40,50",1,0,0,0,0,1,0,0,298
ct_ct_add,scalar,10,16384,260,20,"50,40,40,40,40,50",10,0,0,0,0,10,0,0,2971
ct_ct_add,scalar,50,16384,260,20,"50,40,40,40,40,50",50,0,0,0,0,50,0,0,14846
ct_ct_add,scalar,80,16384,260,20,"50,40,40,40,40,50",80,0,0,0,0,80,0,0,23753
ct_ct_add,scalar,100,16384,260,20,"50,40,40,40,40,50",100,0,0,0,0,100,0,0,29866
ct_ct_add,scalar,250,16384,260,20,"50,40,40,40,40,50",250,0,0,0,0,250,0,0,74311
ct_ct_add,scalar,500,16384,260,20,"50,40,40,40,40,50",500,0,0,0,0,500,0,0,148775
ct_ct_add,scalar,750,16384,260,20,"50,40,40,40,40,50",750,0,0,0,0,750,0,0,223074
ct_ct_add,scalar,1000,16384,260,20,"50,40,40,40,40,50",1000,0,0,0,0,1000,0,0,297288
ct_ct_add,scalar,1,16384,260,25,"50,40,40,40,40,50",1,0,0,0,0,1,0,0,298
ct_ct_add,scalar,10,16384,260,25,"50,40,40,40,40,50",10,0,0,0,0,10,0,0,2971
ct_ct_add,scalar,50,16384,260,25,"50,40,40,40,40,50",50,0,0,0,0,50,0,0,14857
ct_ct_add,scalar,80,16384,260,25,"50,40,40,40,40,50",80,0,0,0,0,80,0,0,23743
ct_ct_add,scalar,100,16384,260,25,"50,40,40,40,40,50",100,0,0,0,0,100,0,0,29682
ct_ct_add,scalar,250,16384,260,25,"50,40,40,40,40,50",250,0,0,0,0,250,0,0,74340
ct_ct_add,scalar,500,16384,260,25,"50,40,40,40,40,50",500,0,0,0,0,500,0,0,148549
ct_ct_add,scalar,750,16384,260,25,"50,40,40,40,40,50",750,0,0,0,0,750,0,0,222989
ct_ct_add,scalar,1000,16384,260,25,"50,40,40,40,40,50",1000,0,0,0,0,1000,0,0,297351
ct_ct_add,scalar,1,16384,270,18,"60,50,50,50,60",1,0,0,0,0,1,0,0,239
ct_ct_add,scalar,10,16384,270,18,"60,50,50,50,60",10,0,0,0,0,10,0,0,2380
ct_ct_add,scalar,50,16384,270,18,"60,50,50,50,60",50,0,0,0,0,50,0,0,11886
ct_ct_add,scalar,80,16384,270,18,"60,50,50,50,60",80,0,0,0,0,80,0,0,19020
ct_ct_add,scalar,100,16384,270,18,"60,50,50,50,60",100,0,0,0,0,100,0,0,23801
ct_ct_add,scalar,250,16384,270,18,"60,50,50,50,60",250,0,0,0,0,250,0,0,59507
ct_ct_add,scalar,500,16384,270,18,"60,50,50,50,60",500,0,0,0,0,500,0,0,119066
ct_ct_add,scalar,750,16384,270,18,"60,50,50,50,60",750,0,0,0,0,750,0,0,178532
ct_ct_add,scalar,1000,16384,270,18,"60,50,50,50,60",1000,0,0,0,0,1000,0,0,238105
ct_ct_add,scalar,1,16384,270,20,"60,50,50,50,60",1,0,0,0,0,1,0,0,238
ct_ct_add,scalar,10,16384,270,20,"60,50,50,50,60",10,0,0,0,0,10,0,0,2379
ct_ct_add,scalar,50,16384,270,20,"60,50,50,50,60",50,0,0,0,0,50,0,0,11887
ct_ct_add,scalar,80,16384,270,20,"60,50,50,50,60",80,0,0,0,0,80,0,0,19045
ct_ct_add,scalar,100,16384,270,20,"60,50,50,50,60",100,0,0,0,0,100,0,0,23783
ct_ct_add,scalar,250,16384,270,20,"60,50,50,50,60",250,0,0,0,0,250,0,0,59627
ct_ct_add,scalar,500,16384,270,20,"60,50,50,50,60",500,0,0,0,0,500,0,0,119012
ct_ct_add,scalar,750,16384,270,20,"60,50,50,50,60",750,0,0,0,0,750,0,0,178573
ct_ct_add,scalar,1000,16384,270,20,"60,50,50,50,60",1000,0,0,0,0,1000,0,0,237991
ct_ct_add,scalar,1,16384,270,25,"60,50,50,50,60",1,0,0,0,0,1,0,0,239
ct_ct_add,scalar,10,16384,270,25,"60,50,50,50,60",10,0,0,0,0,10,0,0,2383
ct_ct_add,scalar,50,16384,270,25,"60,50,50,50,60",50,0,0,0,0,50,0,0,11898
ct_ct_add,scalar,80,16384,270,25,"60,50,50,50,60",80,0,0,0,0,80,0,0,19036
ct_ct_add,scalar,100,16384,270,25,"60,50,50,50,60",100,0,0,0,0,100,0,0,23777
ct_ct_add,scalar,250,16384,270,25,"60,50,50,50,60",250,0,0,0,0,250,0,0,59434
ct_ct_add,scalar,500,16384,270,25,"60,50,50,50,60",500,0,0,0,0,500,0,0,118978
ct_ct_add,scalar,750,16384,270,25,"60,50,50,50,60",750,0,0,0,0,750,0,0,178526
ct_ct_add,scalar,1000,16384,270,25,"60,50,50,50,60",1000,0,0,0,0,1000,0,0,238158
ct_ct_add,vector,1,4096,90,18,"30,30,30",1,0,0,0,0,1,0,0,4412
ct_ct_add,vector,10,4096,90,18,"30,30,30",1,0,0,0,0,1,0,0,4403
ct_ct_add,vector,50,4096,90,18,"30,30,30",1,0,0,0,0,1,0,0,4401
ct_ct_add,vector,80,4096,90,18,"30,30,30",1,0,0,0,0,1,0,0,4397
ct_ct_add,vector,100,4096,90,18,"30,30,30",1,0,0,0,0,1,0,0,4398
ct_ct_add,vector,250,4096,90,18,"30,30,30",1,0,0,0,0,1,0,0,4404
ct_ct_add,vector,500,4096,90,18,"30,30,30",1,0,0,0,0,1,0,0,4401
ct_ct_add,vector,750,4096,90,18,"30,30,30",1,0,0,0,0,1,0,0,4397
ct_ct_add,vector,1000,4096,90,18,"30,30,30",1,0,0,0,0,1,0,0,4401
ct_ct_add,vector,1,4096,90,20,"30,30,30",1,0,0,0,0,1,0,0,4405
ct_ct_add,vector,10,4096,90,20,"30,30,30",1,0,0,0,0,1,0,0,4400
ct_ct_add,vector,50,4096,90,20,"30,30,30",1,0,0,0,0,1,0,0,4406
ct_ct_add,vector,80,4096,90,20,"30,30,30",1,0,0,0,0,1,0,0,4398
ct_ct_add,vector,100,4096,90,20,"30,30,30",1,0,0,0,0,1,0,0,4403
ct_ct_add,vector,250,4096,90,20,"30,30,30",1,0,0,0,0,1,0,0,4402
ct_ct_add,vector,500,4096,90,20,"30,30,30",1,0,0,0,0,1,0,0,4400
ct_ct_add,vector,750,4096,90,20,"30,30,30",1,0,0,0,0,1,0,0,4411
ct_ct_add,vector,1000,4096,90,20,"30,30,30",1,0,0,0,0,1,0,0,4403
ct_ct_add,vector,1,4096,90,25,"30,30,30",1,0,0,0,0,1,0,0,4399
ct_ct_add,vector,10,4096,90,25,"30,30,30",1,0,0,0,0,1,0,0,4403
ct_ct_add,vector,50,4096,90,25,"30,30,30",1,0,0,0,0,1,0,0,4404
ct_ct_add,vector,80,4096,90,25,"30,30,30",1,0,0,0,0,1,0,0,4404
ct_ct_add,vector,100,4096,90,25,"30,30,30",1,0,0,0,0,1,0,0,4403
ct_ct_add,vector,250,4096,90,25,"30,30,30",1,0,0,0,0,1,0,0,4403
ct_ct_add,vector,500,4096,90,25,"30,30,30",1,0,0,0,0,1,0,0,4401
ct_ct_add,vector,750,4096,90,25,"30,30,30",1,0,0,0,0,1,0,0,4401
ct_ct_add,vector,1000,4096,90,25,"30,30,30",1,0,0,0,0,1,0,0,4393
ct_ct_add,vector,1,8192,130,18,"40,30,30,30",1,0,0,0,0,1,0,0,10719
ct_ct_add,vector,10,8192,130,18,"40,30,30,30",1,0,0,0,0,1,0,0,10711
ct_ct_add,vector,50,8192,130,18,"40,30,30,30",1,0,0,0,0,1,0,0,10715
ct_ct_add,vector,80,8192,130,18,"40,30,30,30",1,0,0,0,0,1,0,0,10699
ct_ct_add,vector,100,8192,130,18,"40,30,30,30",1,0,0,0,0,1,0,0,10717
ct_ct_add,vector,250,8192,130,18,"40,30,30,30",1,0,0,0,0,1,0,0,10717
ct_ct_add,vector,500,8192,130,18,"40,30,30,30",1,0,0,0,0,1,0,0,10715
ct_ct_add,vector,750,8192,130,18,"40,30,30,30",1,0,0,0,0,1,0,0,10708
ct_ct_add,vector,1000,8192,130,18,"40,30,30,30",1,0,0,0,0,1,0,0,10721
ct_ct_add,vector,1,8192,130,20,"40,30,30,30",1,0,0,0,0,1,0,0,10706
ct_ct_add,vector,10,8192,130,20,"40,30,30,30",1,0,0,0,0,1,0,0,10714
ct_ct_add,vector,50,8192,130,20,"40,30,30,30",1,0,0,0,0,1,0,0,10716
ct_ct_add,vector,80,8192,130,20,"40,30,30,30",1,0,0,0,0,1,0,0,10708
ct_ct_add,vector,100,8192,130,20,"40,30,30,30",1,0,0,0,0,1,0,0,10753
ct_ct_add,vector,250,8192,130,20,"40,30,30,30",1,0,0,0,0,1,0,0,10704
ct_ct_add,vector,500,8192,130,20,"40,30,30,30",1,0,0,0,0,1,0,0,10700
ct_ct_add,vector,750,8192,130,20,"40,30,30,30",1,0,0,0,0,1,0,0,10709
ct_ct_add,vector,1000,8192,130,20,"40,30,30,30",1,0,0,0,0,1,0,0,10713
ct_ct_add,vector,1,8192,130,25,"40,30,30,30",1,0,0,0,0,1,0,0,10714
ct_ct_add,vector,10,8192,130,25,"40,30,30,30",1,0,0,0,0,1,0,0,10710
ct_ct_add,vector,50,8192,130,25,"40,30,30,30",1,0,0,0,0,1,0,0,10703
ct_ct_add,vector,80,8192,130,25,"40,30,30,30",1,0,0,0,0,1,0,0,10713
ct_ct_add,vector,100,8192,130,25,"40,30,30,30",1,0,0,0,0,1,0,0,10754
ct_ct_add,vector,250,8192,130,25,"40,30,30,30",1,0,0,0,0,1,0,0,10706
ct_ct_add,vector,500,8192,130,25,"40,30,30,30",1,0,0,0,0,1,0,0,10726
ct_ct_add,vector,750,8192,130,25,"40,30,30,30",1,0,0,0,0,1,0,0,10699
ct_ct_add,vector,1000,8192,130,25,"40,30,30,30",1,0,0,0,0,1,0,0,10702
ct_ct_add,vector,1,16384,160,18,"40,30,30,30,30",1,0,0,0,0,1,0,0,26118
ct_ct_add,vector,10,16384,160,18,"40,30,30,30,30",1,0,0,0,0,1,0,0,26117
ct_ct_add,vector,50,16384,160,18,"40,30,30,30,30",1,0,0,0,0,1,0,0,26122
ct_ct_add,vector,80,16384,160,18,"40,30,30,30,30",1,0,0,0,0,1,0,0,26116
ct_ct_add,vector,100,16384,160,18,"40,30,30,30,30",1,0,0,0,0,1,0,0,26145
ct_ct_add,vector,250,16384,160,18,"40,30,30,30,30",1,0,0,0,0,1,0,0,26148
ct_ct_add,vector,500,16384,160,18,"40,30,30,30,30",1,0,0,0,0,1,0,0,26142
ct_ct_add,vector,750,16384,160,18,"40,30,30,30,30",1,0,0,0,0,1,0,0,26144
ct_ct_add,vector,1000,16384,160,18,"40,30,30,30,30",1,0,0,0,0,1,0,0,26331
ct_ct_add,vector,1,16384,160,20,"40,30,30,30,30",1,0,0,0,0,1,0,0,26127
ct_ct_add,vector,10,16384,160,20,"40,30,30,30,30",1,0,0,0,0,1,0,0,26115
ct_ct_add,vector,50,16384,160,20,"40,30,30,30,30",1,0,0,0,0,1,0,0,26121
ct_ct_add,vector,80,16384,160,20,"40,30,30,30,30",1,0,0,0,0,1,0,0,26116
ct_ct_add,vector,100,16384,160,20,"40,30,30,30,30",1,0,0,0,0,1,0,0,26145
ct_ct_add,vector,250,16384,160,20,"40,30,30,30,30",1,0,0,0,0,1,0,0,26150
ct_ct_add,vector,500,16384,160,20,"40,30,30,30,30",1,0,0,0,0,1,0,0,26155
ct_ct_add,vector,750,16384,160,20,"40,30,30,30,30",1,0,0,0,0,1,0,0,26134
ct_ct_add,vector,1000,16384,160,20,"40,30,30,30,30",1,0,0,0,0,1,0,0,26146
ct_ct_add,vector,1,16384,160,25,"40,30,30,30,30",1,0,0,0,0,1,0,0,26109
ct_ct_add,vector,10,16384,160,25,"40,30,30,30,30",1,0,0,0,0,1,0,0,26136
ct_ct_add,vector,50,16384,160,25,"40,30,30,30,30",1,0,0,0,0,1,0,0,26121
ct_ct_add,vector,80,16384,160,25,"40,30,30,30,30",1,0,0,0,0,1,0,0,26118
ct_ct_add,vector,100,16384,160,25,"40,30,30,30,30",1,0,0,0,0,1,0,0,26182
ct_ct_add,vector,250,16384,160,25,"40,30,30,30,30",1,0,0,0,0,1,0,0,26154
ct_ct_add,vector,500,16384,160,25,"40,30,30,30,30",1,0,0,0,0,1,0,0,26143
ct_ct_add,vector,750,16384,160,25,"40,30,30,30,30",1,0,0,0,0,1,0,0,26150
ct_ct_add,vector,1000,16384,160,25,"40,30,30,30,30",1,0,0,0,0,1,0,0,26166
ct_ct_add,vector,1,16384,260,18,"50,40,40,40,40,50",1,0,0,0,0,1,0,0,29928
ct_ct_add,vector,10,16384,260,18,"50,40,40,40,40,50",1,0,0,0,0,1,0,0,29938
ct_ct_add,vector,50,16384,260,18,"50,40,40,40,40,50",1,0,0,0,0,1,0,0,29925
ct_ct_add,vector,80,16384,260,18,"50,40,40,40,40,50",1,0,0,0,0,1,0,0,30125
ct_ct_add,vector,100,16384,260,18,"50,40,40,40,40,50",1,0,0,0,0,1,0,0,30128
ct_ct_add,vector,250,16384,260,18,"50,40,40,40,40,50",1,0,0,0,0,1,0,0,29924
ct_ct_add,vector,500,16384,260,18,"50,40,40,40,40,50",1,0,0,0,0,1,0,0,29931
ct_ct_add,vector,750,16384,260,18,"50,40,40,40,40,50",1,0,0,0,0,1,0,0,29980
ct_ct_add,vector,1000,16384,260,18,"50,40,40,40,40,50",1,0,0,0,0,1,0,0,29920
ct_ct_add,vector,1,16384,260,20,"50,40,40,40,40,50",1,0,0,0,0,1,0,0,29937
ct_ct_add,vector,10,16384,260,20,"50,40,40,40,40,50",1,0,0,0,0,1,0,0,29940
ct_ct_add,vector,50,16384,260,20,"50,40,40,40,40,50",1,0,0,0,0,1,0,0,29930
ct_ct_add,vector,80,16384,260,20,"50,40,40,40,40,50",1,0,0,0,0,1,0,0,29920
ct_ct_add,vector,100,16384,260,20,"50,40,40,40,40,50",1,0,0,0,0,1,0,0,29969
ct_ct_add,vector,250,16384,260,20,"50,40,40,40,40,50",1,0,0,0,0,1,0,0,29927
ct_ct_add,vector,500,16384,260,20,"50,40,40,40,40,50",1,0,0,0,0,1,0,0,29966
ct_ct_add,vector,750,16384,260,20,"50,40,40,40,40,50",1,0,0,0,0,1,0,0,29940
ct_ct_add,vector,1000,16384,260,20,"50,40,40,40,40,50",1,0,0,0,0,1,0,0,29931
ct_ct_add,vector,1,16384,260,25,"50,40,40,40,40,50",1,0,0,0,0,1,0,0,29933
ct_ct_add,vector,10,16384,260,25,"50,40,40,40,40,50",1,0,0,0,0,1,0,0,29924
ct_ct_add,vector,50,16384,260,25,"50,40,40,40,40,50",1,0,0,0,0,1,0,0,29909
ct_ct_add,vector,80,16384,260,25,"50,40,40,40,40,50",1,0,0,0,0,1,0,0,29970
ct_ct_add,vector,100,16384,260,25,"50,40,40,40,40,50",1,0,0,0,0,1,0,0,29936
ct_ct_add,vector,250,16384,260,25,"50,40,40,40,40,50",1,0,0,0,0,1,0,0,29936
ct_ct_add,vector,500,16384,260,25,"50,40,40,40,40,50",1,0,0,0,0,1,0,0,29961
ct_ct_add,vector,750,16384,260,25,"50,40,40,40,40,50",1,0,0,0,0,1,0,0,29924
ct_ct_add,vector,1000,16384,260,25,"50,40,40,40,40,50",1,0,0,0,0,1,0,0,29948
ct_ct_add,vector,1,16384,270,18,"60,50,50,50,60",1,0,0,0,0,1,0,0,26722
ct_ct_add,vector,10,16384,270,18,"60,50,50,50,60",1,0,0,0,0,1,0,0,26601
ct_ct_add,vector,50,16384,270,18,"60,50,50,50,60",1,0,0,0,0,1,0,0,26594
ct_ct_add,vector,80,16384,270,18,"60,50,50,50,60",1,0,0,0,0,1,0,0,26595
ct_ct_add,vector,100,16384,270,18,"60,50,50,50,60",1,0,0,0,0,1,0,0,26571
ct_ct_add,vector,250,16384,270,18,"60,50,50,50,60",1,0,0,0,0,1,0,0,26570
ct_ct_add,vector,500,16384,270,18,"60,50,50,50,60",1,0,0,0,0,1,0,0,26569
ct_ct_add,vector,750,16384,270,18,"60,50,50,50,60",1,0,0,0,0,1,0,0,26553
ct_ct_add,vector,1000,16384,270,18,"60,50,50,50,60",1,0,0,0,0,1,0,0,26561
ct_ct_add,vector,1,16384,270,20,"60,50,50,50,60",1,0,0,0,0,1,0,0,26575
ct_ct_add,vector,10,16384,270,20,"60,50,50,50,60",1,0,0,0,0,1,0,0,26577
ct_ct_add,vector,50,16384,270,20,"60,50,50,50,60",1,0,0,0,0,1,0,0,26596
ct_ct_add,vector,80,16384,270,20,"60,50,50,50,60",1,0,0,0,0,1,0,0,26583
ct_ct_add,vector,100,16384,270,20,"60,50,50,50,60",1,0,0,0,0,1,0,0,26565
ct_ct_add,vector,250,16384,270,20,"60,50,50,50,60",1,0,0,0,0,1,0,0,26558
ct_ct_add,vector,500,16384,270,20,"60,50,50,50,60",1,0,0,0,0,1,0,0,26565
ct_ct_add,vector,750,16384,270,20,"60,50,50,50,60",1,0,0,0,0,1,0,0,26555
ct_ct_add,vector,1000,16384,270,20,"60,50,50,50,60",1,0,0,0,0,1,0,0,26569
ct_ct_add,vector,1,16384,270,25,"60,50,50,50,60",1,0,0,0,0,1,0,0,26587
ct_ct_add,vector,10,16384,270,25,"60,50,50,50,60",1,0,0,0,0,1,0,0,26569
ct_ct_add,vector,50,16384,270,25,"60,50,50,50,60",1,0,0,0,0,1,0,0,26581
ct_ct_add,vector,80,16384,270,25,"60,50,50,50,60",1,0,0,0,0,1,0,0,26589
ct_ct_add,vector,100,16384,270,25,"60,50,50,50,60",1,0,0,0,0,1,0,0,26569
ct_ct_add,vector,250,16384,270,25,"60,50,50,50,60",1,0,0,0,0,1,0,0,26581
ct_ct_add,vector,500,16384,270,25,"60,50,50,50,60",1,0,0,0,0,1,0,0,26566
ct_ct_add,vector,750,16384,270,25,"60,50,50,50,60",1,0,0,0,0,1,0,0,26577
ct_ct_add,vector,1000,16384,270,25,"60,50,50,50,60",1,0,0,0,0,1,0,0,26579
pl_ct_mul,scalar,1,4096,90,18,"30,30,30",1,1,0,0,0,0,1,0,2424
pl_ct_mul,scalar,10,4096,90,18,"30,30,30",10,10,0,0,0,0,10,0,2803
pl_ct_mul,scalar,50,4096,90,18,"30,30,30",50,50,0,0,0,0,50,0,4529
pl_ct_mul,scalar,80,4096,90,18,"30,30,30",80,80,0,0,0,0,80,0,5817
pl_ct_mul,scalar,100,4096,90,18,"30,30,30",100,100,0,0,0,0,100,0,6684
pl_ct_mul,scalar,250,4096,90,18,"30,30,30",250,250,0,0,0,0,250,0,13149
pl_ct_mul,scalar,500,4096,90,18,"30,30,30",500,500,0,0,0,0,500,0,24005
pl_ct_mul,scalar,750,4096,90,18,"30,30,30",750,750,0,0,0,0,750,0,34727
pl_ct_mul,scalar,1000,4096,90,18,"30,30,30",1000,1000,0,0,0,0,1000,0,45641
pl_ct_mul,scalar,1,4096,90,20,"30,30,30",1,1,0,0,0,0,1,0,2423
pl_ct_mul,scalar,10,4096,90,20,"30,30,30",10,10,0,0,0,0,10,0,2813
pl_ct_mul,scalar,50,4096,90,20,"30,30,30",50,50,0,0,0,0,50,0,4533
pl_ct_mul,scalar,80,4096,90,20,"30,30,30",80,80,0,0,0,0,80,0,5825
pl_ct_mul,scalar,100,4096,90,20,"30,30,30",100,100,0,0,0,0,100,0,6689
pl_ct_mul,scalar,250,4096,90,20,"30,30,30",250,250,0,0,0,0,250,0,13127
pl_ct_mul,scalar,500,4096,90,20,"30,30,30",500,500,0,0,0,0,500,0,23909
pl_ct_mul,scalar,750,4096,90,20,"30,30,30",750,750,0,0,0,0,750,0,34638
pl_ct_mul,scalar,1000,4096,90,20,"30,30,30",1000,1000,0,0,0,0,1000,0,45415
pl_ct_mul,scalar,1,4096,90,25,"30,30,30",1,1,0,0,0,0,1,0,2423
pl_ct_mul,scalar,10,4096,90,25,"30,30,30",10,10,0,0,0,0,10,0,2810
pl_ct_mul,scalar,50,4096,90,25,"30,30,30",50,50,0,0,0,0,50,0,4530
pl_ct_mul,scalar,80,4096,90,25,"30,30,30",80,80,0,0,0,0,80,0,5820
pl_ct_mul,scalar,100,4096,90,25,"30,30,30",100,100,0,0,0,0,100,0,6687
pl_ct_mul,scalar,250,4096,90,25,"30,30,30",250,250,0,0,0,0,250,0,13154
pl_ct_mul,scalar,500,4096,90,25,"30,30,30",500,500,0,0,0,0,500,0,23899
pl_ct_mul,scalar,750,4096,90,25,"30,30,30",750,750,0,0,0,0,750,0,34716
pl_ct_mul,scalar,1000,4096,90,25,"30,30,30",1000,1000,0,0,0,0,1000,0,45370
pl_ct_mul,scalar,1,8192,130,18,"40,30,30,30",1,1,0,0,0,0,1,0,5883
pl_ct_mul,scalar,10,8192,130,18,"40,30,30,30",10,10,0,0,0,0,10,0,6996
pl_ct_mul,scalar,50,8192,130,18,"40,30,30,30",50,50,0,0,0,0,50,0,12070
pl_ct_mul,scalar,80,8192,130,18,"40,30,30,30",80,80,0,0,0,0,80,0,15727
pl_ct_mul,scalar,100,8192,130,18,"40,30,30,30",100,100,0,0,0,0,100,0,18157
pl_ct_mul,scalar,250,8192,130,18,"40,30,30,30",250,250,0,0,0,0,250,0,36773
pl_ct_mul,scalar,500,8192,130,18,"40,30,30,30",500,500,0,0,0,0,500,0,67881
pl_ct_mul,scalar,750,8192,130,18,"40,30,30,30",750,750,0,0,0,0,750,0,99005
pl_ct_mul,scalar,1000,8192,130,18,"40,30,30,30",1000,1000,0,0,0,0,1000,0,130002
pl_ct_mul,scalar,1,8192,130,20,"40,30,30,30",1,1,0,0,0,0,1,0,5907
pl_ct_mul,scalar,10,8192,130,20,"40,30,30,30",10,10,0,0,0,0,10,0,7014
pl_ct_mul,scalar,50,8192,130,20,"40,30,30,30",50,50,0,0,0,0,50,0,11969
pl_ct_mul,scalar,80,8192,130,20,"40,30,30,30",80,80,0,0,0,0,80,0,15681
pl_ct_mul,scalar,100,8192,130,20,"40,30,30,30",100,100,0,0,0,0,100,0,18325
pl_ct_mul,scalar,250,8192,130,20,"40,30,30,30",250,250,0,0,0,0,250,0,36896
pl_ct_mul,scalar,500,8192,130,20,"40,30,30,30",500,500,0,0,0,0,500,0,67885
pl_ct_mul,scalar,750,8192,130,20,"40,30,30,30",750,750,0,0,0,0,750,0,98975
pl_ct_mul,scalar,1000,8192,130,20,"40,30,30,30",1000,1000,0,0,0,0,1000,0,129680
pl_ct_mul,scalar,1,8192,130,25,"40,30,30,30",1,1,0,0,0,0,1,0,5883
pl_ct_mul,scalar,10,8192,130,25,"40,30,30,30",10,10,0,0,0,0,10,0,7034
pl_ct_mul,scalar,50,8192,130,25,"40,30,30,30",50,50,0,0,0,0,50,0,11970
pl_ct_mul,scalar,80,8192,130,25,"40,30,30,30",80,80,0,0,0,0,80,0,15696
pl_ct_mul,scalar,100,8192,130,25,"40,30,30,30",100,100,0,0,0,0,100,0,18179
pl_ct_mul,scalar,250,8192,130,25,"40,30,30,30",250,250,0,0,0,0,250,0,36772
pl_ct_mul,scalar,500,8192,130,25,"40,30,30,30",500,500,0,0,0,0,500,0,67687
pl_ct_mul,scalar,750,8192,130,25,"40,30,30,30",750,750,0,0,0,0,750,0,98738
pl_ct_mul,scalar,1000,8192,130,25,"40,30,30,30",1000,1000,0,0,0,0,1000,0,129925
pl_ct_mul,scalar,1,16384,160,18,"40,30,30,30,30",1,1,0,0,0,0,1,0,14488
pl_ct_mul,scalar,10,16384,160,18,"40,30,30,30,30",10,10,0,0,0,0,10,0,17420
pl_ct_mul,scalar,50,16384,160,18,"40,30,30,30,30",50,50,0,0,0,0,50,0,30528
pl_ct_mul,scalar,80,16384,160,18,"40,30,30,30,30",80,80,0,0,0,0,80,0,40416
pl_ct_mul,scalar,100,16384,160,18,"40,30,30,30,30",100,100,0,0,0,0,100,0,46979
pl_ct_mul,scalar,250,16384,160,18,"40,30,30,30,30",250,250,0,0,0,0,250,0,95975
pl_ct_mul,scalar,500,16384,160,18,"40,30,30,30,30",500,500,0,0,0,0,500,0,177589
pl_ct_mul,scalar,750,16384,160,18,"40,30,30,30,30",750,750,0,0,0,0,750,0,260130
pl_ct_mul,scalar,1000,16384,160,18,"40,30,30,30,30",1000,1000,0,0,0,0,1000,0,341812
pl_ct_mul,scalar,1,16384,160,20,"40,30,30,30,30",1,1,0,0,0,0,1,0,14582
pl_ct_mul,scalar,10,16384,160,20,"40,30,30,30,30",10,10,0,0,0,0,10,0,17603
pl_ct_mul,scalar,50,16384,160,20,"40,30,30,30,30",50,50,0,0,0,0,50,0,30811
pl_ct_mul,scalar,80,16384,160,20,"40,30,30,30,30",80,80,0,0,0,0,80,0,40445
pl_ct_mul,scalar,100,16384,160,20,"40,30,30,30,30",100,100,0,0,0,0,100,0,47142
pl_ct_mul,scalar,250,16384,160,20,"40,30,30,30,30",250,250,0,0,0,0,250,0,96202
pl_ct_mul,scalar,500,16384,160,20,"40,30,30,30,30",500,500,0,0,0,0,500,0,177637
pl_ct_mul,scalar,750,16384,160,20,"40,30,30,30,30",750,750,0,0,0,0,750,0,260318
pl_ct_mul,scalar,1000,16384,160,20,"40,30,30,30,30",1000,1000,0,0,0,0,1000,0,343222
pl_ct_mul,scalar,1,16384,160,25,"40,30,30,30,30",1,1,0,0,0,0,1,0,14567
pl_ct_mul,scalar,10,16384,160,25,"40,30,30,30,30",10,10,0,0,0,0,10,0,17566
pl_ct_mul,scalar,50,16384,160,25,"40,30,30,30,30",50,50,0,0,0,0,50,0,30928
pl_ct_mul,scalar,80,16384,160,25,"40,30,30,30,30",80,80,0,0,0,0,80,0,40560
pl_ct_mul,scalar,100,16384,160,25,"40,30,30,30,30",100,100,0,0,0,0,100,0,47119
pl_ct_mul,scalar,250,16384,160,25,"40,30,30,30,30",250,250,0,0,0,0,250,0,96262
pl_ct_mul,scalar,500,16384,160,25,"40,30,30,30,30",500,500,0,0,0,0,500,0,178381
pl_ct_mul,scalar,750,16384,160,25,"40,30,30,30,30",750,750,0,0,0,0,750,0,260547
pl_ct_mul,scalar,1000,16384,160,25,"40,30,30,30,30",1000,1000,0,0,0,0,1000,0,340987
pl_ct_mul,scalar,1,16384,260,18,"50,40,40,40,40,50",1,1,0,0,0,0,1,0,16929
pl_ct_mul,scalar,10,16384,260,18,"50,40,40,40,40,50",10,10,0,0,0,0,10,0,20658
pl_ct_mul,scalar,50,16384,260,18,"50,40,40,40,40,50",50,50,0,0,0,0,50,0,36916
pl_ct_mul,scalar,80,16384,260,18,"50,40,40,40,40,50",80,80,0,0,0,0,80,0,49049
pl_ct_mul,scalar,100,16384,260,18,"50,40,40,40,40,50",100,100,0,0,0,0,100,0,57221
pl_ct_mul,scalar,250,16384,260,18,"50,40,40,40,40,50",250,250,0,0,0,0,250,0,120501
pl_ct_mul,scalar,500,16384,260,18,"50,40,40,40,40,50",500,500,0,0,0,0,500,0,225124
pl_ct_mul,scalar,750,16384,260,18,"50,40,40,40,40,50",750,750,0,0,0,0,750,0,327988
pl_ct_mul,scalar,1000,16384,260,18,"50,40,40,40,40,50",1000,1000,0,0,0,0,1000,0,427839
pl_ct_mul,scalar,1,16384,260,20,"50,40,40,40,40,50",1,1,0,0,0,0,1,0,16923
pl_ct_mul,scalar,10,16384,260,20,"50,40,40,40,40,50",10,10,0,0,0,0,10,0,20666
pl_ct_mul,scalar,50,16384,260,20,"50,40,40,40,40,50",50,50,0,0,0,0,50,0,37356
pl_ct_mul,scalar,80,16384,260,20,"50,40,40,40,40,50",80,80,0,0,0,0,80,0,49868
pl_ct_mul,scalar,100,16384,260,20,"50,40,40,40,40,50",100,100,0,0,0,0,100,0,58170
pl_ct_mul,scalar,250,16384,260,20,"50,40,40,40,40,50",250,250,0,0,0,0,250,0,118515
pl_ct_mul,scalar,500,16384,260,20,"50,40,40,40,40,50",500,500,0,0,0,0,500,0,220692
pl_ct_mul,scalar,750,16384,260,20,"50,40,40,40,40,50",750,750,0,0,0,0,750,0,321480
pl_ct_mul,scalar,1000,16384,260,20,"50,40,40,40,40,50",1000,1000,0,0,0,0,1000,0,423418
pl_ct_mul,scalar,1,16384,260,25,"50,40,40,40,40,50",1,1,0,0,0,0,1,0,16863
pl_ct_mul,scalar,10,16384,260,25,"50,40,40,40,40,50",10,10,0,0,0,0,10,0,20488
pl_ct_mul,scalar,50,16384,260,25,"50,40,40,40,40,50",50,50,0,0,0,0,50,0,36854
pl_ct_mul,scalar,80,16384,260,25,"50,40,40,40,40,50",80,80,0,0,0,0,80,0,48958
pl_ct_mul,scalar,100,16384,260,25,"50,40,40,40,40,50",100,100,0,0,0,0,100,0,57155
pl_ct_mul,scalar,250,16384,260,25,"50,40,40,40,40,50",250,250,0,0,0,0,250,0,120985
pl_ct_mul,scalar,500,16384,260,25,"50,40,40,40,40,50",500,500,0,0,0,0,500,0,225678
pl_ct_mul,scalar,750,16384,260,25,"50,40,40,40,40,50",750,750,0,0,0,0,750,0,320411
pl_ct_mul,scalar,1000,16384,260,25,"50,40,40,40,40,50",1000,1000,0,0,0,0,1000,0,420664
pl_ct_mul,scalar,1,16384,270,18,"60,50,50,50,60",1,1,0,0,0,0,1,0,14625
pl_ct_mul,scalar,10,16384,270,18,"60,50,50,50,60",10,10,0,0,0,0,10,0,17721
pl_ct_mul,scalar,50,16384,270,18,"60,50,50,50,60",50,50,0,0,0,0,50,0,30795
pl_ct_mul,scalar,80,16384,270,18,"60,50,50,50,60",80,80,0,0,0,0,80,0,40589
pl_ct_mul,scalar,100,16384,270,18,"60,50,50,50,60",100,100,0,0,0,0,100,0,47217
pl_ct_mul,scalar,250,16384,270,18,"60,50,50,50,60",250,250,0,0,0,0,250,0,96211
pl_ct_mul,scalar,500,16384,270,18,"60,50,50,50,60",500,500,0,0,0,0,500,0,178737
pl_ct_mul,scalar,750,16384,270,18,"60,50,50,50,60",750,750,0,0,0,0,750,0,260251
pl_ct_mul,scalar,1000,16384,270,18,"60,50,50,50,60",1000,1000,0,0,0,0,1000,0,341902
pl_ct_mul,scalar,1,16384,270,20,"60,50,50,50,60",1,1,0,0,0,0,1,0,14544
pl_ct_mul,scalar,10,16384,270,20,"60,50,50,50,60",10,10,0,0,0,0,10,0,17566
pl_ct_mul,scalar,50,16384,270,20,"60,50,50,50,60",50,50,0,0,0,0,50,0,30814
pl_ct_mul,scalar,80,16384,270,20,"60,50,50,50,60",80,80,0,0,0,0,80,0,40646
pl_ct_mul,scalar,100,16384,270,20,"60,50,50,50,60",100,100,0,0,0,0,100,0,46903
pl_ct_mul,scalar,250,16384,270,20,"60,50,50,50,60",250,250,0,0,0,0,250,0,96173
pl_ct_mul,scalar,500,16384,270,20,"60,50,50,50,60",500,500,0,0,0,0,500,0,177619
pl_ct_mul,scalar,750,16384,270,20,"60,50,50,50,60",750,750,0,0,0,0,750,0,260135
pl_ct_mul,scalar,1000,16384,270,20,"60,50,50,50,60",1000,1000,0,0,0,0,1000,0,339128
pl_ct_mul,scalar,1,16384,270,25,"60,50,50,50,60",1,1,0,0,0,0,1,0,14869
pl_ct_mul,scalar,10,16384,270,25,"60,50,50,50,60",10,10,0,0,0,0,10,0,17783
pl_ct_mul,scalar,50,16384,270,25,"60,50,50,50,60",50,50,0,0,0,0,50,0,30691
pl_ct_mul,scalar,80,16384,270,25,"60,50,50,50,60",80,80,0,0,0,0,80,0,40181
pl_ct_mul,scalar,100,16384,270,25,"60,50,50,50,60",100,100,0,0,0,0,100,0,46608
pl_ct_mul,scalar,250,16384,270,25,"60,50,50,50,60",250,250,0,0,0,0,250,0,95799
pl_ct_mul,scalar,500,16384,270,25,"60,50,50,50,60",500,500,0,0,0,0,500,0,176856
pl_ct_mul,scalar,750,16384,270,25,"60,50,50,50,60",750,750,0,0,0,0,750,0,256614
pl_ct_mul,scalar,1000,16384,270,25,"60,50,50,50,60",1000,1000,0,0,0,0,1000,0,338858
pl_ct_mul,vector,1,4096,90,18,"30,30,30",1,1,0,0,0,0,1,0,3344
pl_ct_mul,vector,10,4096,90,18,"30,30,30",1,1,0,0,0,0,1,0,3334
pl_ct_mul,vector,50,4096,90,18,"30,30,30",1,1,0,0,0,0,1,0,3331
pl_ct_mul,vector,80,4096,90,18,"30,30,30",1,1,0,0,0,0,1,0,3329
pl_ct_mul,vector,100,4096,90,18,"30,30,30",1,1,0,0,0,0,1,0,3334
pl_ct_mul,vector,250,4096,90,18,"30,30,30",1,1,0,0,0,0,1,0,3332
pl_ct_mul,vector,500,4096,90,18,"30,30,30",1,1,0,0,0,0,1,0,3333
pl_ct_mul,vector,750,4096,90,18,"30,30,30",1,1,0,0,0,0,1,0,3340
pl_ct_mul,vector,1000,4096,90,18,"30,30,30",1,1,0,0,0,0,1,0,3341
pl_ct_mul,vector,1,4096,90,20,"30,30,30",1,1,0,0,0,0,1,0,3330
pl_ct_mul,vector,10,4096,90,20,"30,30,30",1,1,0,0,0,0,1,0,3334
pl_ct_mul,vector,50,4096,90,20,"30,30,30",1,1,0,0,0,0,1,0,3333
pl_ct_mul,vector,80,4096,90,20,"30,30,30",1,1,0,0,0,0,1,0,3332
pl_ct_mul,vector,100,4096,90,20,"30,30,30",1,1,0,0,0,0,1,0,3336
pl_ct_mul,vector,250,4096,90,20,"30,30,30",1,1,0,0,0,0,1,0,3287
pl_ct_mul,vector,500,4096,90,20,"30,30,30",1,1,0,0,0,0,1,0,3290
pl_ct_mul,vector,750,4096,90,20,"30,30,30",1,1,0,0,0,0,1,0,3301
pl_ct_mul,vector,1000,4096,90,20,"30,30,30",1,1,0,0,0,0,1,0,3333
pl_ct_mul,vector,1,4096,90,25,"30,30,30",1,1,0,0,0,0,1,0,3327
pl_ct_mul,vector,10,4096,90,25,"30,30,30",1,1,0,0,0,0,1,0,3330
pl_ct_mul,vector,50,4096,90,25,"30,30,30",1,1,0,0,0,0,1,0,3327
pl_ct_mul,vector,80,4096,90,25,"30,30,30",1,1,0,0,0,0,1,0,3332
pl_ct_mul,vector,100,4096,90,25,"30,30,30",1,1,0,0,0,0,1,0,3273
pl_ct_mul,vector,250,4096,90,25,"30,30,30",1,1,0,0,0,0,1,0,3259
pl_ct_mul,vector,500,4096,90,25,"30,30,30",1,1,0,0,0,0,1,0,3260
pl_ct_mul,vector,750,4096,90,25,"30,30,30",1,1,0,0,0,0,1,0,3269
pl_ct_mul,vector,1000,4096,90,25,"30,30,30",1,1,0,0,0,0,1,0,3261
pl_ct_mul,vector,1,8192,130,18,"40,30,30,30",1,1,0,0,0,0,1,0,8740
pl_ct_mul,vector,10,8192,130,18,"40,30,30,30",1,1,0,0,0,0,1,0,8752
pl_ct_mul,vector,50,8192,130,18,"40,30,30,30",1,1,0,0,0,0,1,0,8803
pl_ct_mul,vector,80,8192,130,18,"40,30,30,30",1,1,0,0,0,0,1,0,8802
pl_ct_mul,vector,100,8192,130,18,"40,30,30,30",1,1,0,0,0,0,1,0,8793
pl_ct_mul,vector,250,8192,130,18,"40,30,30,30",1,1,0,0,0,0,1,0,8788
pl_ct_mul,vector,500,8192,130,18,"40,30,30,30",1,1,0,0,0,0,1,0,8794
pl_ct_mul,vector,750,8192,130,18,"40,30,30,30",1,1,0,0,0,0,1,0,8801
pl_ct_mul,vector,1000,8192,130,18,"40,30,30,30",1,1,0,0,0,0,1,0,8730
pl_ct_mul,vector,1,8192,130,20,"40,30,30,30",1,1,0,0,0,0,1,0,8752
pl_ct_mul,vector,10,8192,130,20,"40,30,30,30",1,1,0,0,0,0,1,0,8750
pl_ct_mul,vector,50,8192,130,20,"40,30,30,30",1,1,0,0,0,0,1,0,8749
pl_ct_mul,vector,80,8192,130,20,"40,30,30,30",1,1,0,0,0,0,1,0,8748
pl_ct_mul,vector,100,8192,130,20,"40,30,30,30",1,1,0,0,0,0,1,0,8751
pl_ct_mul,vector,250,8192,130,20,"40,30,30,30",1,1,0,0,0,0,1,0,8760
pl_ct_mul,vector,500,8192,130,20,"40,30,30,30",1,1,0,0,0,0,1,0,8754
pl_ct_mul,vector,750,8192,130,20,"40,30,30,30",1,1,0,0,0,0,1,0,8751
pl_ct_mul,vector,1000,8192,130,20,"40,30,30,30",1,1,0,0,0,0,1,0,8717
pl_ct_mul,vector,1,8192,130,25,"40,30,30,30",1,1,0,0,0,0,1,0,8753
pl_ct_mul,vector,10,8192,130,25,"40,30,30,30",1,1,0,0,0,0,1,0,8751
pl_ct_mul,vector,50,8192,130,25,"40,30,30,30",1,1,0,0,0,0,1,0,8747
pl_ct_mul,vector,80,8192,130,25,"40,30,30,30",1,1,0,0,0,0,1,0,8752
pl_ct_mul,vector,100,8192,130,25,"40,30,30,30",1,1,0,0,0,0,1,0,8800
pl_ct_mul,vector,250,8192,130,25,"40,30,30,30",1,1,0,0,0,0,1,0,8793
pl_ct_mul,vector,500,8192,130,25,"40,30,30,30",1,1,0,0,0,0,1,0,8790
pl_ct_mul,vector,750,8192,130,25,"40,30,30,30",1,1,0,0,0,0,1,0,8792
pl_ct_mul,vector,1000,8192,130,25,"40,30,30,30",1,1,0,0,0,0,1,0,8762
pl_ct_mul,vector,1,16384,160,18,"40,30,30,30,30",1,1,0,0,0,0,1,0,22251
pl_ct_mul,vector,10,16384,160,18,"40,30,30,30,30",1,1,0,0,0,0,1,0,22453
pl_ct_mul,vector,50,16384,160,18,"40,30,30,30,30",1,1,0,0,0,0,1,0,22267
pl_ct_mul,vector,80,16384,160,18,"40,30,30,30,30",1,1,0,0,0,0,1,0,22286
pl_ct_mul,vector,100,16384,160,18,"40,30,30,30,30",1,1,0,0,0,0,1,0,22258
pl_ct_mul,vector,250,16384,160,18,"40,30,30,30,30",1,1,0,0,0,0,1,0,22334
pl_ct_mul,vector,500,16384,160,18,"40,30,30,30,30",1,1,0,0,0,0,1,0,22318
pl_ct_mul,vector,750,16384,160,18,"40,30,30,30,30",1,1,0,0,0,0,1,0,22433
pl_ct_mul,vector,1000,16384,160,18,"40,30,30,30,30",1,1,0,0,0,0,1,0,22264
pl_ct_mul,vector,1,16384,160,20,"40,30,30,30,30",1,1,0,0,0,0,1,0,22448
pl_ct_mul,vector,10,16384,160,20,"40,30,30,30,30",1,1,0,0,0,0,1,0,22448
pl_ct_mul,vector,50,16384,160,20,"40,30,30,30,30",1,1,0,0,0,0,1,0,22273
pl_ct_mul,vector,80,16384,160,20,"40,30,30,30,30",1,1,0,0,0,0,1,0,22267
pl_ct_mul,vector,100,16384,160,20,"40,30,30,30,30",1,1,0,0,0,0,1,0,22347
pl_ct_mul,vector,250,16384,160,20,"40,30,30,30,30",1,1,0,0,0,0,1,0,22315
pl_ct_mul,vector,500,16384,160,20,"40,30,30,30,30",1,1,0,0,0,0,1,0,22427
pl_ct_mul,vector,750,16384,160,20,"40,30,30,30,30",1,1,0,0,0,0,1,0,22254
pl_ct_mul,vector,1000,16384,160,20,"40,30,30,30,30",1,1,0,0,0,0,1,0,22426
pl_ct_mul,vector,1,16384,160,25,"40,30,30,30,30",1,1,0,0,0,0,1,0,22444
pl_ct_mul,vector,10,16384,160,25,"40,30,30,30,30",1,1,0,0,0,0,1,0,22266
pl_ct_mul,vector,50,16384,160,25,"40,30,30,30,30",1,1,0,0,0,0,1,0,22271
pl_ct_mul,vector,80,16384,160,25,"40,30,30,30,30",1,1,0,0,0,0,1,0,22357
pl_ct_mul,vector,100,16384,160,25,"40,30,30,30,30",1,1,0,0,0,0,1,0,22318
pl_ct_mul,vector,250,16384,160,25,"40,30,30,30,30",1,1,0,0,0,0,1,0,22437
pl_ct_mul,vector,500,16384,160,25,"40,30,30,30,30",1,1,0,0,0,0,1,0,22261
pl_ct_mul,vector,750,16384,160,25,"40,30,30,30,30",1,1,0,0,0,0,1,0,22256
pl_ct_mul,vector,1000,16384,160,25,"40,30,30,30,30",1,1,0,0,0,0,1,0,22436
pl_ct_mul,vector,1,16384,260,18,"50,40,40,40,40,50",1,1,0,0,0,0,1,0,26066
pl_ct_mul,vector,10,16384,260,18,"50,40,40,40,40,50",1,1,0,0,0,0,1,0,26089
pl_ct_mul,vector,50,16384,260,18,"50,40,40,40,40,50",1,1,0,0,0,0,1,0,26169
pl_ct_mul,vector,80,16384,260,18,"50,40,40,40,40,50",1,1,0,0,0,0,1,0,26327
pl_ct_mul,vector,100,16384,260,18,"50,40,40,40,40,50",1,1,0,0,0,0,1,0,26090
pl_ct_mul,vector,250,16384,260,18,"50,40,40,40,40,50",1,1,0,0,0,0,1,0,26082
pl_ct_mul,vector,500,16384,260,18,"50,40,40,40,40,50",1,1,0,0,0,0,1,0,26103
pl_ct_mul,vector,750,16384,260,18,"50,40,40,40,40,50",1,1,0,0,0,0,1,0,26180
pl_ct_mul,vector,1000,16384,260,18,"50,40,40,40,40,50",1,1,0,0,0,0,1,0,26422
pl_ct_mul,vector,1,16384,260,20,"50,40,40,40,40,50",1,1,0,0,0,0,1,0,26327
pl_ct_mul,vector,10,16384,260,20,"50,40,40,40,40,50",1,1,0,0,0,0,1,0,26084
pl_ct_mul,vector,50,16384,260,20,"50,40,40,40,40,50",1,1,0,0,0,0,1,0,26094
pl_ct_mul,vector,80,16384,260,20,"50,40,40,40,40,50",1,1,0,0,0,0,1,0,26092
pl_ct_mul,vector,100,16384,260,20,"50,40,40,40,40,50",1,1,0,0,0,0,1,0,26089
pl_ct_mul,vector,250,16384,260,20,"50,40,40,40,40,50",1,1,0,0,0,0,1,0,26178
pl_ct_mul,vector,500,16384,260,20,"50,40,40,40,40,50",1,1,0,0,0,0,1,0,26175
pl_ct_mul,vector,750,16384,260,20,"50,40,40,40,40,50",1,1,0,0,0,0,1,0,26335
pl_ct_mul,vector,1000,16384,260,20,"50,40,40,40,40,50",1,1,0,0,0,0,1,0,26307
pl_ct_mul,vector,1,16384,260,25,"50,40,40,40,40,50",1,1,0,0,0,0,1,0,26096
pl_ct_mul,vector,10,16384,260,25,"50,40,40,40,40,50",1,1,0,0,0,0,1,0,26084
pl_ct_mul,vector,50,16384,260,25,"50,40,40,40,40,50",1,1,0,0,0,0,1,0,26098
pl_ct_mul,vector,80,16384,260,25,"50,40,40,40,40,50",1,1,0,0,0,0,1,0,26155
pl_ct_mul,vector,100,16384,260,25,"50,40,40,40,40,50",1,1,0,0,0,0,1,0,26211
pl_ct_mul,vector,250,16384,260,25,"50,40,40,40,40,50",1,1,0,0,0,0,1,0,26095
pl_ct_mul,vector,500,16384,260,25,"50,40,40,40,40,50",1,1,0,0,0,0,1,0,26100
pl_ct_mul,vector,750,16384,260,25,"50,40,40,40,40,50",1,1,0,0,0,0,1,0,26182
pl_ct_mul,vector,1000,16384,260,25,"50,40,40,40,40,50",1,1,0,0,0,0,1,0,26336
pl_ct_mul,vector,1,16384,270,18,"60,50,50,50,60",1,1,0,0,0,0,1,0,22371
pl_ct_mul,vector,10,16384,270,18,"60,50,50,50,60",1,1,0,0,0,0,1,0,22377
pl_ct_mul,vector,50,16384,270,18,"60,50,50,50,60",1,1,0,0,0,0,1,0,22318
pl_ct_mul,vector,80,16384,270,18,"60,50,50,50,60",1,1,0,0,0,0,1,0,22307
pl_ct_mul,vector,100,16384,270,18,"60,50,50,50,60",1,1,0,0,0,0,1,0,22292
pl_ct_mul,vector,250,16384,270,18,"60,50,50,50,60",1,1,0,0,0,0,1,0,22292
pl_ct_mul,vector,500,16384,270,18,"60,50,50,50,60",1,1,0,0,0,0,1,0,22492
pl_ct_mul,vector,750,16384,270,18,"60,50,50,50,60",1,1,0,0,0,0,1,0,22481
pl_ct_mul,vector,1000,16384,270,18,"60,50,50,50,60",1,1,0,0,0,0,1,0,22373
pl_ct_mul,vector,1,16384,270,20,"60,50,50,50,60",1,1,0,0,0,0,1,0,22476
pl_ct_mul,vector,10,16384,270,20,"60,50,50,50,60",1,1,0,0,0,0,1,0,22218
pl_ct_mul,vector,50,16384,270,20,"60,50,50,50,60",1,1,0,0,0,0,1,0,22224
pl_ct_mul,vector,80,16384,270,20,"60,50,50,50,60",1,1,0,0,0,0,1,0,22228
pl_ct_mul,vector,100,16384,270,20,"60,50,50,50,60",1,1,0,0,0,0,1,0,22205
pl_ct_mul,vector,250,16384,270,20,"60,50,50,50,60",1,1,0,0,0,0,1,0,22374
pl_ct_mul,vector,500,16384,270,20,"60,50,50,50,60",1,1,0,0,0,0,1,0,22282
pl_ct_mul,vector,750,16384,270,20,"60,50,50,50,60",1,1,0,0,0,0,1,0,22373
pl_ct_mul,vector,1000,16384,270,20,"60,50,50,50,60",1,1,0,0,0,0,1,0,22358
pl_ct_mul,vector,1,16384,270,25,"60,50,50,50,60",1,1,0,0,0,0,1,0,22323
pl_ct_mul,vector,10,16384,270,25,"60,50,50,50,60",1,1,0,0,0,0,1,0,22322
pl_ct_mul,vector,50,16384,270,25,"60,50,50,50,60",1,1,0,0,0,0,1,0,22317
pl_ct_mul,vector,80,16384,270,25,"60,50,50,50,60",1,1,0,0,0,0,1,0,22313
pl_ct_mul,vector,100,16384,270,25,"60,50,50,50,60",1,1,0,0,0,0,1,0,22302
pl_ct_mul,vector,250,16384,270,25,"60,50,50,50,60",1,1,0,0,0,0,1,0,22572
pl_ct_mul,vector,500,16384,270,25,"60,50,50,50,60",1,1,0,0,0,0,1,0,22544
pl_ct_mul,vector,750,16384,270,25,"60,50,50,50,60",1,1,0,0,0,0,1,0,22465
pl_ct_mul,vector,1000,16384,270,25,"60,50,50,50,60",1,1,0,0,0,0,1,0,22227
pl_ct_add,scalar,1,4096,90,18,"30,30,30",1,0,0,0,0,0,0,1,2494
pl_ct_add,scalar,10,4096,90,18,"30,30,30",10,0,0,0,0,0,0,10,3574
pl_ct_add,scalar,50,4096,90,18,"30,30,30",50,0,0,0,0,0,0,50,8371
pl_ct_add,scalar,80,4096,90,18,"30,30,30",80,0,0,0,0,0,0,80,11967
pl_ct_add,scalar,100,4096,90,18,"30,30,30",100,0,0,0,0,0,0,100,14365
pl_ct_add,scalar,250,4096,90,18,"30,30,30",250,0,0,0,0,0,0,250,32373
pl_ct_add,scalar,500,4096,90,18,"30,30,30",500,0,0,0,0,0,0,500,62544
pl_ct_add,scalar,750,4096,90,18,"30,30,30",750,0,0,0,0,0,0,750,92534
pl_ct_add,scalar,1000,4096,90,18,"30,30,30",1000,0,0,0,0,0,0,1000,122511
pl_ct_add,scalar,1,4096,90,20,"30,30,30",1,0,0,0,0,0,0,1,2486
pl_ct_add,scalar,10,4096,90,20,"30,30,30",10,0,0,0,0,0,0,10,3568
pl_ct_add,scalar,50,4096,90,20,"30,30,30",50,0,0,0,0,0,0,50,8447
pl_ct_add,scalar,80,4096,90,20,"30,30,30",80,0,0,0,0,0,0,80,12043
pl_ct_add,scalar,100,4096,90,20,"30,30,30",100,0,0,0,0,0,0,100,14444
pl_ct_add,scalar,250,4096,90,20,"30,30,30",250,0,0,0,0,0,0,250,32438
pl_ct_add,scalar,500,4096,90,20,"30,30,30",500,0,0,0,0,0,0,500,62627
pl_ct_add,scalar,750,4096,90,20,"30,30,30",750,0,0,0,0,0,0,750,92675
pl_ct_add,scalar,1000,4096,90,20,"30,30,30",1000,0,0,0,0,0,0,1000,122521
pl_ct_add,scalar,1,4096,90,25,"30,30,30",1,0,0,0,0,0,0,1,2493
pl_ct_add,scalar,10,4096,90,25,"30,30,30",10,0,0,0,0,0,0,10,3570
pl_ct_add,scalar,50,4096,90,25,"30,30,30",50,0,0,0,0,0,0,50,8377
pl_ct_add,scalar,80,4096,90,25,"30,30,30",80,0,0,0,0,0,0,80,11982
pl_ct_add,scalar,100,4096,90,25,"30,30,30",100,0,0,0,0,0,0,100,14378
pl_ct_add,scalar,250,4096,90,25,"30,30,30",250,0,0,0,0,0,0,250,32364
pl_ct_add,scalar,500,4096,90,25,"30,30,30",500,0,0,0,0,0,0,500,62530
pl_ct_add,scalar,750,4096,90,25,"30,30,30",750,0,0,0,0,0,0,750,92527
pl_ct_add,scalar,1000,4096,90,25,"30,30,30",1000,0,0,0,0,0,0,1000,122539
pl_ct_add,scalar,1,8192,130,18,"40,30,30,30",1,0,0,0,0,0,0,1,6270
pl_ct_add,scalar,10,8192,130,18,"40,30,30,30",10,0,0,0,0,0,0,10,8878
pl_ct_add,scalar,50,8192,130,18,"40,30,30,30",50,0,0,0,0,0,0,50,20505
pl_ct_add,scalar,80,8192,130,18,"40,30,30,30",80,0,0,0,0,0,0,80,29245
pl_ct_add,scalar,100,8192,130,18,"40,30,30,30",100,0,0,0,0,0,0,100,35090
pl_ct_add,scalar,250,8192,130,18,"40,30,30,30",250,0,0,0,0,0,0,250,78758
pl_ct_add,scalar,500,8192,130,18,"40,30,30,30",500,0,0,0,0,0,0,500,151469
pl_ct_add,scalar,750,8192,130,18,"40,30,30,30",750,0,0,0,0,0,0,750,224556
pl_ct_add,scalar,1000,8192,130,18,"40,30,30,30",1000,0,0,0,0,0,0,1000,297369
pl_ct_add,scalar,1,8192,130,20,"40,30,30,30",1,0,0,0,0,0,0,1,6267
pl_ct_add,scalar,10,8192,130,20,"40,30,30,30",10,0,0,0,0,0,0,10,8868
pl_ct_add,scalar,50,8192,130,20,"40,30,30,30",50,0,0,0,0,0,0,50,20506
pl_ct_add,scalar,80,8192,130,20,"40,30,30,30",80,0,0,0,0,0,0,80,29266
pl_ct_add,scalar,100,8192,130,20,"40,30,30,30",100,0,0,0,0,0,0,100,35044
pl_ct_add,scalar,250,8192,130,20,"40,30,30,30",250,0,0,0,0,0,0,250,78902
pl_ct_add,scalar,500,8192,130,20,"40,30,30,30",500,0,0,0,0,0,0,500,151747
pl_ct_add,scalar,750,8192,130,20,"40,30,30,30",750,0,0,0,0,0,0,750,224598
pl_ct_add,scalar,1000,8192,130,20,"40,30,30,30",1000,0,0,0,0,0,0,1000,297465
pl_ct_add,scalar,1,8192,130,25,"40,30,30,30",1,0,0,0,0,0,0,1,6097
pl_ct_add,scalar,10,8192,130,25,"40,30,30,30",10,0,0,0,0,0,0,10,8728
pl_ct_add,scalar,50,8192,130,25,"40,30,30,30",50,0,0,0,0,0,0,50,20366
pl_ct_add,scalar,80,8192,130,25,"40,30,30,30",80,0,0,0,0,0,0,80,29186
pl_ct_add,scalar,100,8192,130,25,"40,30,30,30",100,0,0,0,0,0,0,100,35014
pl_ct_add,scalar,250,8192,130,25,"40,30,30,30",250,0,0,0,0,0,0,250,78861
pl_ct_add,scalar,500,8192,130,25,"40,30,30,30",500,0,0,0,0,0,0,500,151666
pl_ct_add,scalar,750,8192,130,25,"40,30,30,30",750,0,0,0,0,0,0,750,224470
pl_ct_add,scalar,1000,8192,130,25,"40,30,30,30",1000,0,0,0,0,0,0,1000,297519
pl_ct_add,scalar,1,16384,160,18,"40,30,30,30,30",1,0,0,0,0,0,0,1,15005
pl_ct_add,scalar,10,16384,160,18,"40,30,30,30,30",10,0,0,0,0,0,0,10,21070
pl_ct_add,scalar,50,16384,160,18,"40,30,30,30,30",50,0,0,0,0,0,0,50,48099
pl_ct_add,scalar,80,16384,160,18,"40,30,30,30,30",80,0,0,0,0,0,0,80,68416
pl_ct_add,scalar,100,16384,160,18,"40,30,30,30,30",100,0,0,0,0,0,0,100,81792
pl_ct_add,scalar,250,16384,160,18,"40,30,30,30,30",250,0,0,0,0,0,0,250,182825
pl_ct_add,scalar,500,16384,160,18,"40,30,30,30,30",500,0,0,0,0,0,0,500,351609
pl_ct_add,scalar,750,16384,160,18,"40,30,30,30,30",750,0,0,0,0,0,0,750,519956
pl_ct_add,scalar,1000,16384,160,18,"40,30,30,30,30",1000,0,0,0,0,0,0,1000,688922
pl_ct_add,scalar,1,16384,160,20,"40,30,30,30,30",1,0,0,0,0,0,0,1,14963
pl_ct_add,scalar,10,16384,160,20,"40,30,30,30,30",10,0,0,0,0,0,0,10,20903
pl_ct_add,scalar,50,16384,160,20,"40,30,30,30,30",50,0,0,0,0,0,0,50,48071
pl_ct_add,scalar,80,16384,160,20,"40,30,30,30,30",80,0,0,0,0,0,0,80,68406
pl_ct_add,scalar,100,16384,160,20,"40,30,30,30,30",100,0,0,0,0,0,0,100,81968
pl_ct_add,scalar,250,16384,160,20,"40,30,30,30,30",250,0,0,0,0,0,0,250,182854
pl_ct_add,scalar,500,16384,160,20,"40,30,30,30,30",500,0,0,0,0,0,0,500,351589
pl_ct_add,scalar,750,16384,160,20,"40,30,30,30,30",750,0,0,0,0,0,0,750,520061
pl_ct_add,scalar,1000,16384,160,20,"40,30,30,30,30",1000,0,0,0,0,0,0,1000,688834
pl_ct_add,scalar,1,16384,160,25,"40,30,30,30,30",1,0,0,0,0,0,0,1,14991
pl_ct_add,scalar,10,16384,160,25,"40,30,30,30,30",10,0,0,0,0,0,0,10,21000
pl_ct_add,scalar,50,16384,160,25,"40,30,30,30,30",50,0,0,0,0,0,0,50,48085
pl_ct_add,scalar,80,16384,160,25,"40,30,30,30,30",80,0,0,0,0,0,0,80,68416
pl_ct_add,scalar,100,16384,160,25,"40,30,30,30,30",100,0,0,0,0,0,0,100,81961
pl_ct_add,scalar,250,16384,160,25,"40,30,30,30,30",250,0,0,0,0,0,0,250,182844
pl_ct_add,scalar,500,16384,160,25,"40,30,30,30,30",500,0,0,0,0,0,0,500,351663
pl_ct_add,scalar,750,16384,160,25,"40,30,30,30,30",750,0,0,0,0,0,0,750,520021
pl_ct_add,scalar,1000,16384,160,25,"40,30,30,30,30",1000,0,0,0,0,0,0,1000,688594
pl_ct_add,scalar,1,16384,260,18,"50,40,40,40,40,50",1,0,0,0,0,0,0,1,17190
pl_ct_add,scalar,10,16384,260,18,"50,40,40,40,40,50",10,0,0,0,0,0,0,10,24266
pl_ct_add,scalar,50,16384,260,18,"50,40,40,40,40,50",50,0,0,0,0,0,0,50,55674
pl_ct_add,scalar,80,16384,260,18,"50,40,40,40,40,50",80,0,0,0,0,0,0,80,79346
pl_ct_add,scalar,100,16384,260,18,"50,40,40,40,40,50",100,0,0,0,0,0,0,100,94958
pl_ct_add,scalar,250,16384,260,18,"50,40,40,40,40,50",250,0,0,0,0,0,0,250,212668
pl_ct_add,scalar,500,16384,260,18,"50,40,40,40,40,50",500,0,0,0,0,0,0,500,408925
pl_ct_add,scalar,750,16384,260,18,"50,40,40,40,40,50",750,0,0,0,0,0,0,750,605115
pl_ct_add,scalar,1000,16384,260,18,"50,40,40,40,40,50",1000,0,0,0,0,0,0,1000,801143
pl_ct_add,scalar,1,16384,260,20,"50,40,40,40,40,50",1,0,0,0,0,0,0,1,17261
pl_ct_add,scalar,10,16384,260,20,"50,40,40,40,40,50",10,0,0,0,0,0,0,10,24272
pl_ct_add,scalar,50,16384,260,20,"50,40,40,40,40,50",50,0,0,0,0,0,0,50,55597
pl_ct_add,scalar,80,16384,260,20,"50,40,40,40,40,50",80,0,0,0,0,0,0,80,79294
pl_ct_add,scalar,100,16384,260,20,"50,40,40,40,40,50",100,0,0,0,0,0,0,100,95000
pl_ct_add,scalar,250,16384,260,20,"50,40,40,40,40,50",250,0,0,0,0,0,0,250,212824
pl_ct_add,scalar,500,16384,260,20,"50,40,40,40,40,50",500,0,0,0,0,0,0,500,408835
pl_ct_add,scalar,750,16384,260,20,"50,40,40,40,40,50",750,0,0,0,0,0,0,750,605763
pl_ct_add,scalar,1000,16384,260,20,"50,40,40,40,40,50",1000,0,0,0,0,0,0,1000,801502
pl_ct_add,scalar,1,16384,260,25,"50,40,40,40,40,50",1,0,0,0,0,0,0,1,17206
pl_ct_add,scalar,10,16384,260,25,"50,40,40,40,40,50",10,0,0,0,0,0,0,10,24268
pl_ct_add,scalar,50,16384,260,25,"50,40,40,40,40,50",50,0,0,0,0,0,0,50,55739
pl_ct_add,scalar,80,16384,260,25,"50,40,40,40,40,50",80,0,0,0,0,0,0,80,79325
pl_ct_add,scalar,100,16384,260,25,"50,40,40,40,40,50",100,0,0,0,0,0,0,100,94978
pl_ct_add,scalar,250,16384,260,25,"50,40,40,40,40,50",250,0,0,0,0,0,0,250,212725
pl_ct_add,scalar,500,16384,260,25,"50,40,40,40,40,50",500,0,0,0,0,0,0,500,409101
pl_ct_add,scalar,750,16384,260,25,"50,40,40,40,40,50",750,0,0,0,0,0,0,750,605423
pl_ct_add,scalar,1000,16384,260,25,"50,40,40,40,40,50",1000,0,0,0,0,0,0,1000,801649
pl_ct_add,scalar,1,16384,270,18,"60,50,50,50,60",1,0,0,0,0,0,0,1,14925
pl_ct_add,scalar,10,16384,270,18,"60,50,50,50,60",10,0,0,0,0,0,0,10,20965
pl_ct_add,scalar,50,16384,270,18,"60,50,50,50,60",50,0,0,0,0,0,0,50,48031
pl_ct_add,scalar,80,16384,270,18,"60,50,50,50,60",80,0,0,0,0,0,0,80,68322
pl_ct_add,scalar,100,16384,270,18,"60,50,50,50,60",100,0,0,0,0,0,0,100,81858
pl_ct_add,scalar,250,16384,270,18,"60,50,50,50,60",250,0,0,0,0,0,0,250,183074
pl_ct_add,scalar,500,16384,270,18,"60,50,50,50,60",500,0,0,0,0,0,0,500,351686
pl_ct_add,scalar,750,16384,270,18,"60,50,50,50,60",750,0,0,0,0,0,0,750,520243
pl_ct_add,scalar,1000,16384,270,18,"60,50,50,50,60",1000,0,0,0,0,0,0,1000,689135
pl_ct_add,scalar,1,16384,270,20,"60,50,50,50,60",1,0,0,0,0,0,0,1,15191
pl_ct_add,scalar,10,16384,270,20,"60,50,50,50,60",10,0,0,0,0,0,0,10,21103
pl_ct_add,scalar,50,16384,270,20,"60,50,50,50,60",50,0,0,0,0,0,0,50,48062
pl_ct_add,scalar,80,16384,270,20,"60,50,50,50,60",80,0,0,0,0,0,0,80,68264
pl_ct_add,scalar,100,16384,270,20,"60,50,50,50,60",100,0,0,0,0,0,0,100,81982
pl_ct_add,scalar,250,16384,270,20,"60,50,50,50,60",250,0,0,0,0,0,0,250,183134
pl_ct_add,scalar,500,16384,270,20,"60,50,50,50,60",500,0,0,0,0,0,0,500,351511
pl_ct_add,scalar,750,16384,270,20,"60,50,50,50,60",750,0,0,0,0,0,0,750,520517
pl_ct_add,scalar,1000,16384,270,20,"60,50,50,50,60",1000,0,0,0,0,0,0,1000,689077
pl_ct_add,scalar,1,16384,270,25,"60,50,50,50,60",1,0,0,0,0,0,0,1,15211
pl_ct_add,scalar,10,16384,270,25,"60,50,50,50,60",10,0,0,0,0,0,0,10,21301
pl_ct_add,scalar,50,16384,270,25,"60,50,50,50,60",50,0,0,0,0,0,0,50,48043
pl_ct_add,scalar,80,16384,270,25,"60,50,50,50,60",80,0,0,0,0,0,0,80,68433
pl_ct_add,scalar,100,16384,270,25,"60,50,50,50,60",100,0,0,0,0,0,0,100,81972
pl_ct_add,scalar,250,16384,270,25,"60,50,50,50,60",250,0,0,0,0,0,0,250,183168
pl_ct_add,scalar,500,16384,270,25,"60,50,50,50,60",500,0,0,0,0,0,0,500,351673
pl_ct_add,scalar,750,16384,270,25,"60,50,50,50,60",750,0,0,0,0,0,0,750,520297
pl_ct_add,scalar,1000,16384,270,25,"60,50,50,50,60",1000,0,0,0,0,0,0,1000,688866
pl_ct_add,vector,1,4096,90,18,"30,30,30",1,0,0,0,0,0,0,1,2547
pl_ct_add,vector,10,4096,90,18,"30,30,30",1,0,0,0,0,0,0,1,2546
pl_ct_add,vector,50,4096,90,18,"30,30,30",1,0,0,0,0,0,0,1,2545
pl_ct_add,vector,80,4096,90,18,"30,30,30",1,0,0,0,0,0,0,1,2555
pl_ct_add,vector,100,4096,90,18,"30,30,30",1,0,0,0,0,0,0,1,2554
pl_ct_add,vector,250,4096,90,18,"30,30,30",1,0,0,0,0,0,0,1,2559
pl_ct_add,vector,500,4096,90,18,"30,30,30",1,0,0,0,0,0,0,1,2556
pl_ct_add,vector,750,4096,90,18,"30,30,30",1,0,0,0,0,0,0,1,2560
pl_ct_add,vector,1000,4096,90,18,"30,30,30",1,0,0,0,0,0,0,1,2546
pl_ct_add,vector,1,4096,90,20,"30,30,30",1,0,0,0,0,0,0,1,2544
pl_ct_add,vector,10,4096,90,20,"30,30,30",1,0,0,0,0,0,0,1,2537
pl_ct_add,vector,50,4096,90,20,"30,30,30",1,0,0,0,0,0,0,1,2542
pl_ct_add,vector,80,4096,90,20,"30,30,30",1,0,0,0,0,0,0,1,2543
pl_ct_add,vector,100,4096,90,20,"30,30,30",1,0,0,0,0,0,0,1,2541
pl_ct_add,vector,250,4096,90,20,"30,30,30",1,0,0,0,0,0,0,1,2541
pl_ct_add,vector,500,4096,90,20,"30,30,30",1,0,0,0,0,0,0,1,2514
pl_ct_add,vector,750,4096,90,20,"30,30,30",1,0,0,0,0,0,0,1,2519
pl_ct_add,vector,1000,4096,90,20,"30,30,30",1,0,0,0,0,0,0,1,2515
pl_ct_add,vector,1,4096,90,25,"30,30,30",1,0,0,0,0,0,0,1,2511
pl_ct_add,vector,10,4096,90,25,"30,30,30",1,0,0,0,0,0,0,1,2511
pl_ct_add,vector,50,4096,90,25,"30,30,30",1,0,0,0,0,0,0,1,2508
pl_ct_add,vector,80,4096,90,25,"30,30,30",1,0,0,0,0,0,0,1,2508
pl_ct_add,vector,100,4096,90,25,"30,30,30",1,0,0,0,0,0,0,1,2511
pl_ct_add,vector,250,4096,90,25,"30,30,30",1,0,0,0,0,0,0,1,2507
pl_ct_add,vector,500,4096,90,25,"30,30,30",1,0,0,0,0,0,0,1,2507
pl_ct_add,vector,750,4096,90,25,"30,30,30",1,0,0,0,0,0,0,1,2515
pl_ct_add,vector,1000,4096,90,25,"30,30,30",1,0,0,0,0,0,0,1,2511
pl_ct_add,vector,1,8192,130,18,"40,30,30,30",1,0,0,0,0,0,0,1,6195
pl_ct_add,vector,10,8192,130,18,"40,30,30,30",1,0,0,0,0,0,0,1,6199
pl_ct_add,vector,50,8192,130,18,"40,30,30,30",1,0,0,0,0,0,0,1,6201
pl_ct_add,vector,80,8192,130,18,"40,30,30,30",1,0,0,0,0,0,0,1,6190
pl_ct_add,vector,100,8192,130,18,"40,30,30,30",1,0,0,0,0,0,0,1,6199
pl_ct_add,vector,250,8192,130,18,"40,30,30,30",1,0,0,0,0,0,0,1,6198
pl_ct_add,vector,500,8192,130,18,"40,30,30,30",1,0,0,0,0,0,0,1,6221
pl_ct_add,vector,750,8192,130,18,"40,30,30,30",1,0,0,0,0,0,0,1,6236
pl_ct_add,vector,1000,8192,130,18,"40,30,30,30",1,0,0,0,0,0,0,1,6229
pl_ct_add,vector,1,8192,130,20,"40,30,30,30",1,0,0,0,0,0,0,1,6221
pl_ct_add,vector,10,8192,130,20,"40,30,30,30",1,0,0,0,0,0,0,1,6220
pl_ct_add,vector,50,8192,130,20,"40,30,30,30",1,0,0,0,0,0,0,1,6231
pl_ct_add,vector,80,8192,130,20,"40,30,30,30",1,0,0,0,0,0,0,1,6225
pl_ct_add,vector,100,8192,130,20,"40,30,30,30",1,0,0,0,0,0,0,1,6030
pl_ct_add,vector,250,8192,130,20,"40,30,30,30",1,0,0,0,0,0,0,1,6031
pl_ct_add,vector,500,8192,130,20,"40,30,30,30",1,0,0,0,0,0,0,1,6041
pl_ct_add,vector,750,8192,130,20,"40,30,30,30",1,0,0,0,0,0,0,1,6038
pl_ct_add,vector,1000,8192,130,20,"40,30,30,30",1,0,0,0,0,0,0,1,6009
pl_ct_add,vector,1,8192,130,25,"40,30,30,30",1,0,0,0,0,0,0,1,6013
pl_ct_add,vector,10,8192,130,25,"40,30,30,30",1,0,0,0,0,0,0,1,6029
pl_ct_add,vector,50,8192,130,25,"40,30,30,30",1,0,0,0,0,0,0,1,6034
pl_ct_add,vector,80,8192,130,25,"40,30,30,30",1,0,0,0,0,0,0,1,6037
pl_ct_add,vector,100,8192,130,25,"40,30,30,30",1,0,0,0,0,0,0,1,6039
pl_ct_add,vector,250,8192,130,25,"40,30,30,30",1,0,0,0,0,0,0,1,6037
pl_ct_add,vector,500,8192,130,25,"40,30,30,30",1,0,0,0,0,0,0,1,6064
pl_ct_add,vector,750,8192,130,25,"40,30,30,30",1,0,0,0,0,0,0,1,6142
pl_ct_add,vector,1000,8192,130,25,"40,30,30,30",1,0,0,0,0,0,0,1,6145
pl_ct_add,vector,1,16384,160,18,"40,30,30,30,30",1,0,0,0,0,0,0,1,15128
pl_ct_add,vector,10,16384,160,18,"40,30,30,30,30",1,0,0,0,0,0,0,1,14989
pl_ct_add,vector,50,16384,160,18,"40,30,30,30,30",1,0,0,0,0,0,0,1,15104
pl_ct_add,vector,80,16384,160,18,"40,30,30,30,30",1,0,0,0,0,0,0,1,14945
pl_ct_add,vector,100,16384,160,18,"40,30,30,30,30",1,0,0,0,0,0,0,1,14939
pl_ct_add,vector,250,16384,160,18,"40,30,30,30,30",1,0,0,0,0,0,0,1,14946
pl_ct_add,vector,500,16384,160,18,"40,30,30,30,30",1,0,0,0,0,0,0,1,14934
pl_ct_add,vector,750,16384,160,18,"40,30,30,30,30",1,0,0,0,0,0,0,1,14942
pl_ct_add,vector,1000,16384,160,18,"40,30,30,30,30",1,0,0,0,0,0,0,1,15019
pl_ct_add,vector,1,16384,160,20,"40,30,30,30,30",1,0,0,0,0,0,0,1,15005
pl_ct_add,vector,10,16384,160,20,"40,30,30,30,30",1,0,0,0,0,0,0,1,15106
pl_ct_add,vector,50,16384,160,20,"40,30,30,30,30",1,0,0,0,0,0,0,1,14832
pl_ct_add,vector,80,16384,160,20,"40,30,30,30,30",1,0,0,0,0,0,0,1,14879
pl_ct_add,vector,100,16384,160,20,"40,30,30,30,30",1,0,0,0,0,0,0,1,14829
pl_ct_add,vector,250,16384,160,20,"40,30,30,30,30",1,0,0,0,0,0,0,1,14854
pl_ct_add,vector,500,16384,160,20,"40,30,30,30,30",1,0,0,0,0,0,0,1,14838
pl_ct_add,vector,750,16384,160,20,"40,30,30,30,30",1,0,0,0,0,0,0,1,14965
pl_ct_add,vector,1000,16384,160,20,"40,30,30,30,30",1,0,0,0,0,0,0,1,15019
pl_ct_add,vector,1,16384,160,25,"40,30,30,30,30",1,0,0,0,0,0,0,1,15000
pl_ct_add,vector,10,16384,160,25,"40,30,30,30,30",1,0,0,0,0,0,0,1,15103
pl_ct_add,vector,50,16384,160,25,"40,30,30,30,30",1,0,0,0,0,0,0,1,14949
pl_ct_add,vector,80,16384,160,25,"40,30,30,30,30",1,0,0,0,0,0,0,1,14962
pl_ct_add,vector,100,16384,160,25,"40,30,30,30,30",1,0,0,0,0,0,0,1,14952
pl_ct_add,vector,250,16384,160,25,"40,30,30,30,30",1,0,0,0,0,0,0,1,14949
pl_ct_add,vector,500,16384,160,25,"40,30,30,30,30",1,0,0,0,0,0,0,1,14956
pl_ct_add,vector,750,16384,160,25,"40,30,30,30,30",1,0,0,0,0,0,0,1,14958
pl_ct_add,vector,1000,16384,160,25,"40,30,30,30,30",1,0,0,0,0,0,0,1,15023
pl_ct_add,vector,1,16384,260,18,"50,40,40,40,40,50",1,0,0,0,0,0,0,1,17390
pl_ct_add,vector,10,16384,260,18,"50,40,40,40,40,50",1,0,0,0,0,0,0,1,17145
pl_ct_add,vector,50,16384,260,18,"50,40,40,40,40,50",1,0,0,0,0,0,0,1,17144
pl_ct_add,vector,80,16384,260,18,"50,40,40,40,40,50",1,0,0,0,0,0,0,1,17158
pl_ct_add,vector,100,16384,260,18,"50,40,40,40,40,50",1,0,0,0,0,0,0,1,17142
pl_ct_add,vector,250,16384,260,18,"50,40,40,40,40,50",1,0,0,0,0,0,0,1,17224
pl_ct_add,vector,500,16384,260,18,"50,40,40,40,40,50",1,0,0,0,0,0,0,1,17209
pl_ct_add,vector,750,16384,260,18,"50,40,40,40,40,50",1,0,0,0,0,0,0,1,17432
pl_ct_add,vector,1000,16384,260,18,"50,40,40,40,40,50",1,0,0,0,0,0,0,1,17155
pl_ct_add,vector,1,16384,260,20,"50,40,40,40,40,50",1,0,0,0,0,0,0,1,17139
pl_ct_add,vector,10,16384,260,20,"50,40,40,40,40,50",1,0,0,0,0,0,0,1,17162
pl_ct_add,vector,50,16384,260,20,"50,40,40,40,40,50",1,0,0,0,0,0,0,1,17143
pl_ct_add,vector,80,16384,260,20,"50,40,40,40,40,50",1,0,0,0,0,0,0,1,17208
pl_ct_add,vector,100,16384,260,20,"50,40,40,40,40,50",1,0,0,0,0,0,0,1,17357
pl_ct_add,vector,250,16384,260,20,"50,40,40,40,40,50",1,0,0,0,0,0,0,1,17144
pl_ct_add,vector,500,16384,260,20,"50,40,40,40,40,50",1,0,0,0,0,0,0,1,17148
pl_ct_add,vector,750,16384,260,20,"50,40,40,40,40,50",1,0,0,0,0,0,0,1,17211
pl_ct_add,vector,1000,16384,260,20,"50,40,40,40,40,50",1,0,0,0,0,0,0,1,17148
pl_ct_add,vector,1,16384,260,25,"50,40,40,40,40,50",1,0,0,0,0,0,0,1,17278
pl_ct_add,vector,10,16384,260,25,"50,40,40,40,40,50",1,0,0,0,0,0,0,1,17227
pl_ct_add,vector,50,16384,260,25,"50,40,40,40,40,50",1,0,0,0,0,0,0,1,17166
pl_ct_add,vector,80,16384,260,25,"50,40,40,40,40,50",1,0,0,0,0,0,0,1,17167
pl_ct_add,vector,100,16384,260,25,"50,40,40,40,40,50",1,0,0,0,0,0,0,1,17157
pl_ct_add,vector,250,16384,260,25,"50,40,40,40,40,50",1,0,0,0,0,0,0,1,17159
pl_ct_add,vector,500,16384,260,25,"50,40,40,40,40,50",1,0,0,0,0,0,0,1,17164
pl_ct_add,vector,750,16384,260,25,"50,40,40,40,40,50",1,0,0,0,0,0,0,1,17320
pl_ct_add,vector,1000,16384,260,25,"50,40,40,40,40,50",1,0,0,0,0,0,0,1,17269
pl_ct_add,vector,1,16384,270,18,"60,50,50,50,60",1,0,0,0,0,0,0,1,14995
pl_ct_add,vector,10,16384,270,18,"60,50,50,50,60",1,0,0,0,0,0,0,1,14980
pl_ct_add,vector,50,16384,270,18,"60,50,50,50,60",1,0,0,0,0,0,0,1,14980
pl_ct_add,vector,80,16384,270,18,"60,50,50,50,60",1,0,0,0,0,0,0,1,14983
pl_ct_add,vector,100,16384,270,18,"60,50,50,50,60",1,0,0,0,0,0,0,1,14975
pl_ct_add,vector,250,16384,270,18,"60,50,50,50,60",1,0,0,0,0,0,0,1,14980
pl_ct_add,vector,500,16384,270,18,"60,50,50,50,60",1,0,0,0,0,0,0,1,15040
pl_ct_add,vector,750,16384,270,18,"60,50,50,50,60",1,0,0,0,0,0,0,1,15145
pl_ct_add,vector,1000,16384,270,18,"60,50,50,50,60",1,0,0,0,0,0,0,1,15000
pl_ct_add,vector,1,16384,270,20,"60,50,50,50,60",1,0,0,0,0,0,0,1,14983
pl_ct_add,vector,10,16384,270,20,"60,50,50,50,60",1,0,0,0,0,0,0,1,14994
pl_ct_add,vector,50,16384,270,20,"60,50,50,50,60",1,0,0,0,0,0,0,1,14985
pl_ct_add,vector,80,16384,270,20,"60,50,50,50,60",1,0,0,0,0,0,0,1,14978
pl_ct_add,vector,100,16384,270,20,"60,50,50,50,60",1,0,0,0,0,0,0,1,14985
pl_ct_add,vector,250,16384,270,20,"60,50,50,50,60",1,0,0,0,0,0,0,1,15176
pl_ct_add,vector,500,16384,270,20,"60,50,50,50,60",1,0,0,0,0,0,0,1,15017
pl_ct_add,vector,750,16384,270,20,"60,50,50,50,60",1,0,0,0,0,0,0,1,15127
pl_ct_add,vector,1000,16384,270,20,"60,50,50,50,60",1,0,0,0,0,0,0,1,14979
pl_ct_add,vector,1,16384,270,25,"60,50,50,50,60",1,0,0,0,0,0,0,1,14977
pl_ct_add,vector,10,16384,270,25,"60,50,50,50,60",1,0,0,0,0,0,0,1,14985
pl_ct_add,vector,50,16384,270,25,"60,50,50,50,60",1,0,0,0,0,0,0,1,14977
pl_ct_add,vector,80,16384,270,25,"60,50,50,50,60",1,0,0,0,0,0,0,1,14982
pl_ct_add,vector,100,16384,270,25,"60,50,50,50,60",1,0,0,0,0,0,0,1,15040
pl_ct_add,vector,250,16384,270,25,"60,50,50,50,60",1,0,0,0,0,0,0,1,15029
pl_ct_add,vector,500,16384,270,25,"60,50,50,50,60",1,0,0,0,0,0,0,1,15048
pl_ct_add,vector,750,16384,270,25,"60,50,50,50,60",1,0,0,0,0,0,0,1,14990
pl_ct_add,vector,1000,16384,270,25,"60,50,50,50,60",1,0,0,0,0,0,0,1,14985
ct_ct_mul,scalar,1,4096,90,18,"30,30,30",1,1,1,1,0,0,0,0,7741
ct_ct_mul,scalar,10,4096,90,18,"30,30,30",10,10,10,10,0,0,0,0,69821
ct_ct_mul,scalar,50,4096,90,18,"30,30,30",50,50,50,50,0,0,0,0,346246
ct_ct_mul,scalar,80,4096,90,18,"30,30,30",80,80,80,80,0,0,0,0,553395
ct_ct_mul,scalar,100,4096,90,18,"30,30,30",100,100,100,100,0,0,0,0,691949
ct_ct_mul,scalar,250,4096,90,18,"30,30,30",250,250,250,250,0,0,0,0,1727372
ct_ct_mul,scalar,500,4096,90,18,"30,30,30",500,500,500,500,0,0,0,0,3456371
ct_ct_mul,scalar,750,4096,90,18,"30,30,30",750,750,750,750,0,0,0,0,5183579
ct_ct_mul,scalar,1000,4096,90,18,"30,30,30",1000,1000,1000,1000,0,0,0,0,6910610
ct_ct_mul,scalar,1,4096,90,20,"30,30,30",1,1,1,1,0,0,0,0,7621
ct_ct_mul,scalar,10,4096,90,20,"30,30,30",10,10,10,10,0,0,0,0,69913
ct_ct_mul,scalar,50,4096,90,20,"30,30,30",50,50,50,50,0,0,0,0,346417
ct_ct_mul,scalar,80,4096,90,20,"30,30,30",80,80,80,80,0,0,0,0,553589
ct_ct_mul,scalar,100,4096,90,20,"30,30,30",100,100,100,100,0,0,0,0,692297
ct_ct_mul,scalar,250,4096,90,20,"30,30,30",250,250,250,250,0,0,0,0,1728455
ct_ct_mul,scalar,500,4096,90,20,"30,30,30",500,500,500,500,0,0,0,0,3456905
ct_ct_mul,scalar,750,4096,90,20,"30,30,30",750,750,750,750,0,0,0,0,5185094
ct_ct_mul,scalar,1000,4096,90,20,"30,30,30",1000,1000,1000,1000,0,0,0,0,6913228
ct_ct_mul,scalar,1,4096,90,25,"30,30,30",1,1,1,1,0,0,0,0,7643
ct_ct_mul,scalar,10,4096,90,25,"30,30,30",10,10,10,10,0,0,0,0,69898
ct_ct_mul,scalar,50,4096,90,25,"30,30,30",50,50,50,50,0,0,0,0,346282
ct_ct_mul,scalar,80,4096,90,25,"30,30,30",80,80,80,80,0,0,0,0,553529
ct_ct_mul,scalar,100,4096,90,25,"30,30,30",100,100,100,100,0,0,0,0,692093
ct_ct_mul,scalar,250,4096,90,25,"30,30,30",250,250,250,250,0,0,0,0,1727244
ct_ct_mul,scalar,500,4096,90,25,"30,30,30",500,500,500,500,0,0,0,0,3456942
ct_ct_mul,scalar,750,4096,90,25,"30,30,30",750,750,750,750,0,0,0,0,5183633
ct_ct_mul,scalar,1000,4096,90,25,"30,30,30",1000,1000,1000,1000,0,0,0,0,6911349
ct_ct_mul,scalar,1,8192,130,18,"40,30,30,30",1,1,1,1,0,0,0,0,23333
ct_ct_mul,scalar,10,8192,130,18,"40,30,30,30",10,10,10,10,0,0,0,0,211922
ct_ct_mul,scalar,50,8192,130,18,"40,30,30,30",50,50,50,50,0,0,0,0,1049887
ct_ct_mul,scalar,80,8192,130,18,"40,30,30,30",80,80,80,80,0,0,0,0,1677584
ct_ct_mul,scalar,100,8192,130,18,"40,30,30,30",100,100,100,100,0,0,0,0,2096725
ct_ct_mul,scalar,250,8192,130,18,"40,30,30,30",250,250,250,250,0,0,0,0,5238279
ct_ct_mul,scalar,500,8192,130,18,"40,30,30,30",500,500,500,500,0,0,0,0,10477359
ct_ct_mul,scalar,750,8192,130,18,"40,30,30,30",750,750,750,750,0,0,0,0,15716523
ct_ct_mul,scalar,1000,8192,130,18,"40,30,30,30",1000,1000,1000,1000,0,0,0,0,20960050
ct_ct_mul,scalar,1,8192,130,20,"40,30,30,30",1,1,1,1,0,0,0,0,23357
ct_ct_mul,scalar,10,8192,130,20,"40,30,30,30",10,10,10,10,0,0,0,0,212023
ct_ct_mul,scalar,50,8192,130,20,"40,30,30,30",50,50,50,50,0,0,0,0,1050310
ct_ct_mul,scalar,80,8192,130,20,"40,30,30,30",80,80,80,80,0,0,0,0,1678492
ct_ct_mul,scalar,100,8192,130,20,"40,30,30,30",100,100,100,100,0,0,0,0,2097438
ct_ct_mul,scalar,250,8192,130,20,"40,30,30,30",250,250,250,250,0,0,0,0,5241375
ct_ct_mul,scalar,500,8192,130,20,"40,30,30,30",500,500,500,500,0,0,0,0,10478406
ct_ct_mul,scalar,750,8192,130,20,"40,30,30,30",750,750,750,750,0,0,0,0,15719933
ct_ct_mul,scalar,1000,8192,130,20,"40,30,30,30",1000,1000,1000,1000,0,0,0,0,20954567
ct_ct_mul,scalar,1,8192,130,25,"40,30,30,30",1,1,1,1,0,0,0,0,23339
ct_ct_mul,scalar,10,8192,130,25,"40,30,30,30",10,10,10,10,0,0,0,0,212065
ct_ct_mul,scalar,50,8192,130,25,"40,30,30,30",50,50,50,50,0,0,0,0,1049788
ct_ct_mul,scalar,80,8192,130,25,"40,30,30,30",80,80,80,80,0,0,0,0,1678130
ct_ct_mul,scalar,100,8192,130,25,"40,30,30,30",100,100,100,100,0,0,0,0,2096258
ct_ct_mul,scalar,250,8192,130,25,"40,30,30,30",250,250,250,250,0,0,0,0,5236163
ct_ct_mul,scalar,500,8192,130,25,"40,30,30,30",500,500,500,500,0,0,0,0,10471939
ct_ct_mul,scalar,750,8192,130,25,"40,30,30,30",750,750,750,750,0,0,0,0,15709015
ct_ct_mul,scalar,1000,8192,130,25,"40,30,30,30",1000,1000,1000,1000,0,0,0,0,20944903
ct_ct_mul,scalar,1,16384,160,18,"40,30,30,30,30",1,1,1,1,0,0,0,0,63711
ct_ct_mul,scalar,10,16384,160,18,"40,30,30,30,30",10,10,10,10,0,0,0,0,588684
ct_ct_mul,scalar,50,16384,160,18,"40,30,30,30,30",50,50,50,50,0,0,0,0,2924129
ct_ct_mul,scalar,80,16384,160,18,"40,30,30,30,30",80,80,80,80,0,0,0,0,4673943
ct_ct_mul,scalar,100,16384,160,18,"40,30,30,30,30",100,100,100,100,0,0,0,0,5844415
ct_ct_mul,scalar,250,16384,160,18,"40,30,30,30,30",250,250,250,250,0,0,0,0,14599368
ct_ct_mul,scalar,500,16384,160,18,"40,30,30,30,30",500,500,500,500,0,0,0,0,29155577
ct_ct_mul,scalar,750,16384,160,18,"40,30,30,30,30",750,750,750,750,0,0,0,0,43742020
ct_ct_mul,scalar,1000,16384,160,18,"40,30,30,30,30",1000,1000,1000,1000,0,0,0,0,58365127
ct_ct_mul,scalar,1,16384,160,20,"40,30,30,30,30",1,1,1,1,0,0,0,0,63783
ct_ct_mul,scalar,10,16384,160,20,"40,30,30,30,30",10,10,10,10,0,0,0,0,588411
ct_ct_mul,scalar,50,16384,160,20,"40,30,30,30,30",50,50,50,50,0,0,0,0,2919904
ct_ct_mul,scalar,80,16384,160,20,"40,30,30,30,30",80,80,80,80,0,0,0,0,4668069
ct_ct_mul,scalar,100,16384,160,20,"40,30,30,30,30",100,100,100,100,0,0,0,0,5833125
ct_ct_mul,scalar,250,16384,160,20,"40,30,30,30,30",250,250,250,250,0,0,0,0,14569559
ct_ct_mul,scalar,500,16384,160,20,"40,30,30,30,30",500,500,500,500,0,0,0,0,29139424
ct_ct_mul,scalar,750,16384,160,20,"40,30,30,30,30",750,750,750,750,0,0,0,0,43735142
ct_ct_mul,scalar,1000,16384,160,20,"40,30,30,30,30",1000,1000,1000,1000,0,0,0,0,58353833
ct_ct_mul,scalar,1,16384,160,25,"40,30,30,30,30",1,1,1,1,0,0,0,0,63801
ct_ct_mul,scalar,10,16384,160,25,"40,30,30,30,30",10,10,10,10,0,0,0,0,588784
ct_ct_mul,scalar,50,16384,160,25,"40,30,30,30,30",50,50,50,50,0,0,0,0,2923271
ct_ct_mul,scalar,80,16384,160,25,"40,30,30,30,30",80,80,80,80,0,0,0,0,4674459
ct_ct_mul,scalar,100,16384,160,25,"40,30,30,30,30",100,100,100,100,0,0,0,0,5841940
ct_ct_mul,scalar,250,16384,160,25,"40,30,30,30,30",250,250,250,250,0,0,0,0,14588242
ct_ct_mul,scalar,500,16384,160,25,"40,30,30,30,30",500,500,500,500,0,0,0,0,29170651
ct_ct_mul,scalar,750,16384,160,25,"40,30,30,30,30",750,750,750,750,0,0,0,0,43728937
ct_ct_mul,scalar,1000,16384,160,25,"40,30,30,30,30",1000,1000,1000,1000,0,0,0,0,58267311
ct_ct_mul,scalar,1,16384,260,18,"50,40,40,40,40,50",1,1,1,1,0,0,0,0,82231
ct_ct_mul,scalar,10,16384,260,18,"50,40,40,40,40,50",10,10,10,10,0,0,0,0,762310
ct_ct_mul,scalar,50,16384,260,18,"50,40,40,40,40,50",50,50,50,50,0,0,0,0,3784961
ct_ct_mul,scalar,80,16384,260,18,"50,40,40,40,40,50",80,80,80,80,0,0,0,0,6046977
ct_ct_mul,scalar,100,16384,260,18,"50,40,40,40,40,50",100,100,100,100,0,0,0,0,7556564
ct_ct_mul,scalar,250,16384,260,18,"50,40,40,40,40,50",250,250,250,250,0,0,0,0,18883430
ct_ct_mul,scalar,500,16384,260,18,"50,40,40,40,40,50",500,500,500,500,0,0,0,0,37749683
ct_ct_mul,scalar,750,16384,260,18,"50,40,40,40,40,50",750,750,750,750,0,0,0,0,56632772
ct_ct_mul,scalar,1000,16384,260,18,"50,40,40,40,40,50",1000,1000,1000,1000,0,0,0,0,75489747
ct_ct_mul,scalar,1,16384,260,20,"50,40,40,40,40,50",1,1,1,1,0,0,0,0,82337
ct_ct_mul,scalar,10,16384,260,20,"50,40,40,40,40,50",10,10,10,10,0,0,0,0,762180
ct_ct_mul,scalar,50,16384,260,20,"50,40,40,40,40,50",50,50,50,50,0,0,0,0,3785262
ct_ct_mul,scalar,80,16384,260,20,"50,40,40,40,40,50",80,80,80,80,0,0,0,0,6052680
ct_ct_mul,scalar,100,16384,260,20,"50,40,40,40,40,50",100,100,100,100,0,0,0,0,7567189
ct_ct_mul,scalar,250,16384,260,20,"50,40,40,40,40,50",250,250,250,250,0,0,0,0,18896731
ct_ct_mul,scalar,500,16384,260,20,"50,40,40,40,40,50",500,500,500,500,0,0,0,0,37747594
ct_ct_mul,scalar,750,16384,260,20,"50,40,40,40,40,50",750,750,750,750,0,0,0,0,56613499
ct_ct_mul,scalar,1000,16384,260,20,"50,40,40,40,40,50",1000,1000,1000,1000,0,0,0,0,75532680
ct_ct_mul,scalar,1,16384,260,25,"50,40,40,40,40,50",1,1,1,1,0,0,0,0,82401
ct_ct_mul,scalar,10,16384,260,25,"50,40,40,40,40,50",10,10,10,10,0,0,0,0,762245
ct_ct_mul,scalar,50,16384,260,25,"50,40,40,40,40,50",50,50,50,50,0,0,0,0,3785804
ct_ct_mul,scalar,80,16384,260,25,"50,40,40,40,40,50",80,80,80,80,0,0,0,0,6052075
ct_ct_mul,scalar,100,16384,260,25,"50,40,40,40,40,50",100,100,100,100,0,0,0,0,7559859
ct_ct_mul,scalar,250,16384,260,25,"50,40,40,40,40,50",250,250,250,250,0,0,0,0,18895700
ct_ct_mul,scalar,500,16384,260,25,"50,40,40,40,40,50",500,500,500,500,0,0,0,0,37762287
ct_ct_mul,scalar,750,16384,260,25,"50,40,40,40,40,50",750,750,750,750,0,0,0,0,56625351
ct_ct_mul,scalar,1000,16384,260,25,"50,40,40,40,40,50",1000,1000,1000,1000,0,0,0,0,75527383
ct_ct_mul,scalar,1,16384,270,18,"60,50,50,50,60",1,1,1,1,0,0,0,0,63688
ct_ct_mul,scalar,10,16384,270,18,"60,50,50,50,60",10,10,10,10,0,0,0,0,587503
ct_ct_mul,scalar,50,16384,270,18,"60,50,50,50,60",50,50,50,50,0,0,0,0,2917361
ct_ct_mul,scalar,80,16384,270,18,"60,50,50,50,60",80,80,80,80,0,0,0,0,4665593
ct_ct_mul,scalar,100,16384,270,18,"60,50,50,50,60",100,100,100,100,0,0,0,0,5829417
ct_ct_mul,scalar,250,16384,270,18,"60,50,50,50,60",250,250,250,250,0,0,0,0,14569904
ct_ct_mul,scalar,500,16384,270,18,"60,50,50,50,60",500,500,500,500,0,0,0,0,29128476
ct_ct_mul,scalar,750,16384,270,18,"60,50,50,50,60",750,750,750,750,0,0,0,0,43670927
ct_ct_mul,scalar,1000,16384,270,18,"60,50,50,50,60",1000,1000,1000,1000,0,0,0,0,58222722
ct_ct_mul,scalar,1,16384,270,20,"60,50,50,50,60",1,1,1,1,0,0,0,0,63740
ct_ct_mul,scalar,10,16384,270,20,"60,50,50,50,60",10,10,10,10,0,0,0,0,587693
ct_ct_mul,scalar,50,16384,270,20,"60,50,50,50,60",50,50,50,50,0,0,0,0,2917866
ct_ct_mul,scalar,80,16384,270,20,"60,50,50,50,60",80,80,80,80,0,0,0,0,4664384
ct_ct_mul,scalar,100,16384,270,20,"60,50,50,50,60",100,100,100,100,0,0,0,0,5830052
ct_ct_mul,scalar,250,16384,270,20,"60,50,50,50,60",250,250,250,250,0,0,0,0,14569921
ct_ct_mul,scalar,500,16384,270,20,"60,50,50,50,60",500,500,500,500,0,0,0,0,29120826
ct_ct_mul,scalar,750,16384,270,20,"60,50,50,50,60",750,750,750,750,0,0,0,0,43700649
ct_ct_mul,scalar,1000,16384,270,20,"60,50,50,50,60",1000,1000,1000,1000,0,0,0,0,58259152
ct_ct_mul,scalar,1,16384,270,25,"60,50,50,50,60",1,1,1,1,0,0,0,0,63457
ct_ct_mul,scalar,10,16384,270,25,"60,50,50,50,60",10,10,10,10,0,0,0,0,587682
ct_ct_mul,scalar,50,16384,270,25,"60,50,50,50,60",50,50,50,50,0,0,0,0,2918212
ct_ct_mul,scalar,80,16384,270,25,"60,50,50,50,60",80,80,80,80,0,0,0,0,4665581
ct_ct_mul,scalar,100,16384,270,25,"60,50,50,50,60",100,100,100,100,0,0,0,0,5832425
ct_ct_mul,scalar,250,16384,270,25,"60,50,50,50,60",250,250,250,250,0,0,0,0,14577574
ct_ct_mul,scalar,500,16384,270,25,"60,50,50,50,60",500,500,500,500,0,0,0,0,29149494
ct_ct_mul,scalar,750,16384,270,25,"60,50,50,50,60",750,750,750,750,0,0,0,0,43702856
ct_ct_mul,scalar,1000,16384,270,25,"60,50,50,50,60",1000,1000,1000,1000,0,0,0,0,58187062
ct_ct_mul,vector,1,4096,90,18,"30,30,30",1,1,1,1,0,0,0,0,12096
ct_ct_mul,vector,10,4096,90,18,"30,30,30",1,1,1,1,0,0,0,0,12044
ct_ct_mul,vector,50,4096,90,18,"30,30,30",1,1,1,1,0,0,0,0,12083
ct_ct_mul,vector,80,4096,90,18,"30,30,30",1,1,1,1,0,0,0,0,12090
ct_ct_mul,vector,100,4096,90,18,"30,30,30",1,1,1,1,0,0,0,0,12083
ct_ct_mul,vector,250,4096,90,18,"30,30,30",1,1,1,1,0,0,0,0,12044
ct_ct_mul,vector,500,4096,90,18,"30,30,30",1,1,1,1,0,0,0,0,12043
ct_ct_mul,vector,750,4096,90,18,"30,30,30",1,1,1,1,0,0,0,0,12088
ct_ct_mul,vector,1000,4096,90,18,"30,30,30",1,1,1,1,0,0,0,0,12092
ct_ct_mul,vector,1,4096,90,20,"30,30,30",1,1,1,1,0,0,0,0,12044
ct_ct_mul,vector,10,4096,90,20,"30,30,30",1,1,1,1,0,0,0,0,12093
ct_ct_mul,vector,50,4096,90,20,"30,30,30",1,1,1,1,0,0,0,0,12093
ct_ct_mul,vector,80,4096,90,20,"30,30,30",1,1,1,1,0,0,0,0,12051
ct_ct_mul,vector,100,4096,90,20,"30,30,30",1,1,1,1,0,0,0,0,12097
ct_ct_mul,vector,250,4096,90,20,"30,30,30",1,1,1,1,0,0,0,0,12095
ct_ct_mul,vector,500,4096,90,20,"30,30,30",1,1,1,1,0,0,0,0,12044
ct_ct_mul,vector,750,4096,90,20,"30,30,30",1,1,1,1,0,0,0,0,12107
ct_ct_mul,vector,1000,4096,90,20,"30,30,30",1,1,1,1,0,0,0,0,12025
ct_ct_mul,vector,1,4096,90,25,"30,30,30",1,1,1,1,0,0,0,0,12050
ct_ct_mul,vector,10,4096,90,25,"30,30,30",1,1,1,1,0,0,0,0,12073
ct_ct_mul,vector,50,4096,90,25,"30,30,30",1,1,1,1,0,0,0,0,12040
ct_ct_mul,vector,80,4096,90,25,"30,30,30",1,1,1,1,0,0,0,0,12069
ct_ct_mul,vector,100,4096,90,25,"30,30,30",1,1,1,1,0,0,0,0,12042
ct_ct_mul,vector,250,4096,90,25,"30,30,30",1,1,1,1,0,0,0,0,12048
ct_ct_mul,vector,500,4096,90,25,"30,30,30",1,1,1,1,0,0,0,0,12065
ct_ct_mul,vector,750,4096,90,25,"30,30,30",1,1,1,1,0,0,0,0,12076
ct_ct_mul,vector,1000,4096,90,25,"30,30,30",1,1,1,1,0,0,0,0,12031
ct_ct_mul,vector,1,8192,130,18,"40,30,30,30",1,1,1,1,0,0,0,0,34068
ct_ct_mul,vector,10,8192,130,18,"40,30,30,30",1,1,1,1,0,0,0,0,34083
ct_ct_mul,vector,50,8192,130,18,"40,30,30,30",1,1,1,1,0,0,0,0,34078
ct_ct_mul,vector,80,8192,130,18,"40,30,30,30",1,1,1,1,0,0,0,0,34073
ct_ct_mul,vector,100,8192,130,18,"40,30,30,30",1,1,1,1,0,0,0,0,34065
ct_ct_mul,vector,250,8192,130,18,"40,30,30,30",1,1,1,1,0,0,0,0,34080
ct_ct_mul,vector,500,8192,130,18,"40,30,30,30",1,1,1,1,0,0,0,0,34101
ct_ct_mul,vector,750,8192,130,18,"40,30,30,30",1,1,1,1,0,0,0,0,34099
ct_ct_mul,vector,1000,8192,130,18,"40,30,30,30",1,1,1,1,0,0,0,0,34087
ct_ct_mul,vector,1,8192,130,20,"40,30,30,30",1,1,1,1,0,0,0,0,34088
ct_ct_mul,vector,10,8192,130,20,"40,30,30,30",1,1,1,1,0,0,0,0,34093
ct_ct_mul,vector,50,8192,130,20,"40,30,30,30",1,1,1,1,0,0,0,0,34102
ct_ct_mul,vector,80,8192,130,20,"40,30,30,30",1,1,1,1,0,0,0,0,34110
ct_ct_mul,vector,100,8192,130,20,"40,30,30,30",1,1,1,1,0,0,0,0,34090
ct_ct_mul,vector,250,8192,130,20,"40,30,30,30",1,1,1,1,0,0,0,0,34098
ct_ct_mul,vector,500,8192,130,20,"40,30,30,30",1,1,1,1,0,0,0,0,34072
ct_ct_mul,vector,750,8192,130,20,"40,30,30,30",1,1,1,1,0,0,0,0,34087
ct_ct_mul,vector,1000,8192,130,20,"40,30,30,30",1,1,1,1,0,0,0,0,34093
ct_ct_mul,vector,1,8192,130,25,"40,30,30,30",1,1,1,1,0,0,0,0,34083
ct_ct_mul,vector,10,8192,130,25,"40,30,30,30",1,1,1,1,0,0,0,0,34086
ct_ct_mul,vector,50,8192,130,25,"40,30,30,30",1,1,1,1,0,0,0,0,34091
ct_ct_mul,vector,80,8192,130,25,"40,30,30,30",1,1,1,1,0,0,0,0,34076
ct_ct_mul,vector,100,8192,130,25,"40,30,30,30",1,1,1,1,0,0,0,0,34099
ct_ct_mul,vector,250,8192,130,25,"40,30,30,30",1,1,1,1,0,0,0,0,34089
ct_ct_mul,vector,500,8192,130,25,"40,30,30,30",1,1,1,1,0,0,0,0,34095
ct_ct_mul,vector,750,8192,130,25,"40,30,30,30",1,1,1,1,0,0,0,0,34088
ct_ct_mul,vector,1000,8192,130,25,"40,30,30,30",1,1,1,1,0,0,0,0,34114
ct_ct_mul,vector,1,16384,160,18,"40,30,30,30,30",1,1,1,1,0,0,0,0,90351
ct_ct_mul,vector,10,16384,160,18,"40,30,30,30,30",1,1,1,1,0,0,0,0,90554
ct_ct_mul,vector,50,16384,160,18,"40,30,30,30,30",1,1,1,1,0,0,0,0,90438
ct_ct_mul,vector,80,16384,160,18,"40,30,30,30,30",1,1,1,1,0,0,0,0,90395
ct_ct_mul,vector,100,16384,160,18,"40,30,30,30,30",1,1,1,1,0,0,0,0,90458
ct_ct_mul,vector,250,16384,160,18,"40,30,30,30,30",1,1,1,1,0,0,0,0,90233
ct_ct_mul,vector,500,16384,160,18,"40,30,30,30,30",1,1,1,1,0,0,0,0,90176
ct_ct_mul,vector,750,16384,160,18,"40,30,30,30,30",1,1,1,1,0,0,0,0,90456
ct_ct_mul,vector,1000,16384,160,18,"40,30,30,30,30",1,1,1,1,0,0,0,0,90451
ct_ct_mul,vector,1,16384,160,20,"40,30,30,30,30",1,1,1,1,0,0,0,0,90423
ct_ct_mul,vector,10,16384,160,20,"40,30,30,30,30",1,1,1,1,0,0,0,0,90450
ct_ct_mul,vector,50,16384,160,20,"40,30,30,30,30",1,1,1,1,0,0,0,0,90225
ct_ct_mul,vector,80,16384,160,20,"40,30,30,30,30",1,1,1,1,0,0,0,0,90254
ct_ct_mul,vector,100,16384,160,20,"40,30,30,30,30",1,1,1,1,0,0,0,0,90444
ct_ct_mul,vector,250,16384,160,20,"40,30,30,30,30",1,1,1,1,0,0,0,0,90510
ct_ct_mul,vector,500,16384,160,20,"40,30,30,30,30",1,1,1,1,0,0,0,0,90455
ct_ct_mul,vector,750,16384,160,20,"40,30,30,30,30",1,1,1,1,0,0,0,0,90485
ct_ct_mul,vector,1000,16384,160,20,"40,30,30,30,30",1,1,1,1,0,0,0,0,90278
ct_ct_mul,vector,1,16384,160,25,"40,30,30,30,30",1,1,1,1,0,0,0,0,90261
ct_ct_mul,vector,10,16384,160,25,"40,30,30,30,30",1,1,1,1,0,0,0,0,90462
ct_ct_mul,vector,50,16384,160,25,"40,30,30,30,30",1,1,1,1,0,0,0,0,90418
ct_ct_mul,vector,80,16384,160,25,"40,30,30,30,30",1,1,1,1,0,0,0,0,90430
ct_ct_mul,vector,100,16384,160,25,"40,30,30,30,30",1,1,1,1,0,0,0,0,90368
ct_ct_mul,vector,250,16384,160,25,"40,30,30,30,30",1,1,1,1,0,0,0,0,90432
ct_ct_mul,vector,500,16384,160,25,"40,30,30,30,30",1,1,1,1,0,0,0,0,90222
ct_ct_mul,vector,750,16384,160,25,"40,30,30,30,30",1,1,1,1,0,0,0,0,90515
ct_ct_mul,vector,1000,16384,160,25,"40,30,30,30,30",1,1,1,1,0,0,0,0,90450
ct_ct_mul,vector,1,16384,260,18,"50,40,40,40,40,50",1,1,1,1,0,0,0,0,112714
ct_ct_mul,vector,10,16384,260,18,"50,40,40,40,40,50",1,1,1,1,0,0,0,0,112727
ct_ct_mul,vector,50,16384,260,18,"50,40,40,40,40,50",1,1,1,1,0,0,0,0,112526
ct_ct_mul,vector,80,16384,260,18,"50,40,40,40,40,50",1,1,1,1,0,0,0,0,112743
ct_ct_mul,vector,100,16384,260,18,"50,40,40,40,40,50",1,1,1,1,0,0,0,0,112761
ct_ct_mul,vector,250,16384,260,18,"50,40,40,40,40,50",1,1,1,1,0,0,0,0,112663
ct_ct_mul,vector,500,16384,260,18,"50,40,40,40,40,50",1,1,1,1,0,0,0,0,112720
ct_ct_mul,vector,750,16384,260,18,"50,40,40,40,40,50",1,1,1,1,0,0,0,0,112780
ct_ct_mul,vector,1000,16384,260,18,"50,40,40,40,40,50",1,1,1,1,0,0,0,0,112716
ct_ct_mul,vector,1,16384,260,20,"50,40,40,40,40,50",1,1,1,1,0,0,0,0,112727
ct_ct_mul,vector,10,16384,260,20,"50,40,40,40,40,50",1,1,1,1,0,0,0,0,112803
ct_ct_mul,vector,50,16384,260,20,"50,40,40,40,40,50",1,1,1,1,0,0,0,0,112779
ct_ct_mul,vector,80,16384,260,20,"50,40,40,40,40,50",1,1,1,1,0,0,0,0,112770
ct_ct_mul,vector,100,16384,260,20,"50,40,40,40,40,50",1,1,1,1,0,0,0,0,112739
ct_ct_mul,vector,250,16384,260,20,"50,40,40,40,40,50",1,1,1,1,0,0,0,0,112761
ct_ct_mul,vector,500,16384,260,20,"50,40,40,40,40,50",1,1,1,1,0,0,0,0,112890
ct_ct_mul,vector,750,16384,260,20,"50,40,40,40,40,50",1,1,1,1,0,0,0,0,112799
ct_ct_mul,vector,1000,16384,260,20,"50,40,40,40,40,50",1,1,1,1,0,0,0,0,112817
ct_ct_mul,vector,1,16384,260,25,"50,40,40,40,40,50",1,1,1,1,0,0,0,0,112845
ct_ct_mul,vector,10,16384,260,25,"50,40,40,40,40,50",1,1,1,1,0,0,0,0,112739
ct_ct_mul,vector,50,16384,260,25,"50,40,40,40,40,50",1,1,1,1,0,0,0,0,112762
ct_ct_mul,vector,80,16384,260,25,"50,40,40,40,40,50",1,1,1,1,0,0,0,0,112792
ct_ct_mul,vector,100,16384,260,25,"50,40,40,40,40,50",1,1,1,1,0,0,0,0,112768
ct_ct_mul,vector,250,16384,260,25,"50,40,40,40,40,50",1,1,1,1,0,0,0,0,112710
ct_ct_mul,vector,500,16384,260,25,"50,40,40,40,40,50",1,1,1,1,0,0,0,0,112791
ct_ct_mul,vector,750,16384,260,25,"50,40,40,40,40,50",1,1,1,1,0,0,0,0,112743
ct_ct_mul,vector,1000,16384,260,25,"50,40,40,40,40,50",1,1,1,1,0,0,0,0,112710
ct_ct_mul,vector,1,16384,270,18,"60,50,50,50,60",1,1,1,1,0,0,0,0,90479
ct_ct_mul,vector,10,16384,270,18,"60,50,50,50,60",1,1,1,1,0,0,0,0,90691
ct_ct_mul,vector,50,16384,270,18,"60,50,50,50,60",1,1,1,1,0,0,0,0,90284
ct_ct_mul,vector,80,16384,270,18,"60,50,50,50,60",1,1,1,1,0,0,0,0,90454
ct_ct_mul,vector,100,16384,270,18,"60,50,50,50,60",1,1,1,1,0,0,0,0,90455
ct_ct_mul,vector,250,16384,270,18,"60,50,50,50,60",1,1,1,1,0,0,0,0,90510
ct_ct_mul,vector,500,16384,270,18,"60,50,50,50,60",1,1,1,1,0,0,0,0,90493
ct_ct_mul,vector,750,16384,270,18,"60,50,50,50,60",1,1,1,1,0,0,0,0,90486
ct_ct_mul,vector,1000,16384,270,18,"60,50,50,50,60",1,1,1,1,0,0,0,0,90311
ct_ct_mul,vector,1,16384,270,20,"60,50,50,50,60",1,1,1,1,0,0,0,0,90509
ct_ct_mul,vector,10,16384,270,20,"60,50,50,50,60",1,1,1,1,0,0,0,0,90485
ct_ct_mul,vector,50,16384,270,20,"60,50,50,50,60",1,1,1,1,0,0,0,0,90511
ct_ct_mul,vector,80,16384,270,20,"60,50,50,50,60",1,1,1,1,0,0,0,0,90495
ct_ct_mul,vector,100,16384,270,20,"60,50,50,50,60",1,1,1,1,0,0,0,0,90247
ct_ct_mul,vector,250,16384,270,20,"60,50,50,50,60",1,1,1,1,0,0,0,0,90287
ct_ct_mul,vector,500,16384,270,20,"60,50,50,50,60",1,1,1,1,0,0,0,0,90497
ct_ct_mul,vector,750,16384,270,20,"60,50,50,50,60",1,1,1,1,0,0,0,0,90611
ct_ct_mul,vector,1000,16384,270,20,"60,50,50,50,60",1,1,1,1,0,0,0,0,90531
ct_ct_mul,vector,1,16384,270,25,"60,50,50,50,60",1,1,1,1,0,0,0,0,90281
ct_ct_mul,vector,10,16384,270,25,"60,50,50,50,60",1,1,1,1,0,0,0,0,90317
ct_ct_mul,vector,50,16384,270,25,"60,50,50,50,60",1,1,1,1,0,0,0,0,90529
ct_ct_mul,vector,80,16384,270,25,"60,50,50,50,60",1,1,1,1,0,0,0,0,90454
ct_ct_mul,vector,100,16384,270,25,"60,50,50,50,60",1,1,1,1,0,0,0,0,90522
ct_ct_mul,vector,250,16384,270,25,"60,50,50,50,60",1,1,1,1,0,0,0,0,90463
ct_ct_mul,vector,500,16384,270,25,"60,50,50,50,60",1,1,1,1,0,0,0,0,90242
ct_ct_mul,vector,750,16384,270,25,"60,50,50,50,60",1,1,1,1,0,0,0,0,90412
ct_ct_mul,vector,1000,16384,270,25,"60,50,50,50,60",1,1,1,1,0,0,0,0,90425