run_id,target_line,run_number,depth_max,xdepth_max,mul_total,relin_total,mod_switch_total,he_add_total,rotate_total,rotation_keys,relin_keys,execution_time_ms,noise,llm_benchmark_compile_time_ms
1,1,1,4,1,3,3,3,3,3,1,1,288.843,42,187.676
2,1,2,4,1,3,3,3,3,3,1,1,287.986,41,184.579
3,1,3,4,1,3,3,3,3,3,1,1,287.653,41,184.854
4,2,1,6,3,14,14,14,14,14,0,1,287.54,41,202.7
5,2,2,6,3,14,14,14,14,14,0,1,287.606,42,202.207
6,2,3,6,3,14,14,14,14,14,0,1,287.137,41,201.881
7,3,1,3,1,3,3,3,3,3,0,1,287.327,42,169.544
8,3,2,3,1,3,3,3,3,3,0,1,287.556,42,173.194
9,3,3,3,1,3,3,3,3,3,0,1,287.201,41,172.558
10,4,1,7,1,22,22,22,22,22,0,1,287.29,42,178.629
11,4,2,7,1,22,22,22,22,22,0,1,287.3,41,157.941
12,4,3,7,1,22,22,22,22,22,0,1,287.641,42,170.628
13,5,1,6,2,3,3,3,3,3,1,1,287.573,42,501.003
14,5,2,6,2,3,3,3,3,3,1,1,288.113,42,513.392
15,5,3,6,2,3,3,3,3,3,1,1,287.448,41,509.823
16,6,1,3,1,3,3,3,3,3,0,1,287.144,41,156.911
17,6,2,3,1,3,3,3,3,3,0,1,287.174,41,156.888
18,6,3,3,1,3,3,3,3,3,0,1,286.838,42,158.899
19,7,1,6,2,5,5,5,5,5,1,1,287.658,42,150.392
20,7,2,6,2,5,5,5,5,5,1,1,288.03,41,150.223
21,7,3,6,2,5,5,5,5,5,1,1,287.569,41,149.072
22,8,1,4,1,5,5,5,5,5,0,1,287.553,42,163.922
23,8,2,4,1,5,5,5,5,5,0,1,287.679,41,150.241
24,8,3,4,1,5,5,5,5,5,0,1,291.113,41,152.73
25,9,1,6,2,6,6,6,6,6,1,1,289.732,42,167.537
26,9,2,6,2,6,6,6,6,6,1,1,290.154,42,157.905
27,9,3,6,2,6,6,6,6,6,1,1,287.317,42,157.428
28,10,1,6,2,15,15,15,15,15,0,1,286.966,41,240.557
29,10,2,6,2,15,15,15,15,15,0,1,287.565,42,226.555
30,10,3,6,2,15,15,15,15,15,0,1,287.065,42,224.621
31,11,1,3,1,4,4,4,4,4,0,1,289.293,42,157.784
32,11,2,3,1,4,4,4,4,4,0,1,290.098,42,163.593
33,11,3,3,1,4,4,4,4,4,0,1,287.395,42,164.319
34,12,1,6,2,7,7,7,7,7,1,1,287.372,42,271.218
35,12,2,6,2,7,7,7,7,7,1,1,287.055,41,268.942
36,12,3,6,2,7,7,7,7,7,1,1,287.15,42,266.864
37,13,1,5,1,3,3,3,3,3,1,1,290.251,42,149.41
38,13,2,5,1,3,3,3,3,3,1,1,289.424,41,144.409
39,13,3,5,1,3,3,3,3,3,1,1,286.617,42,147.011
40,14,1,2,1,2,2,2,2,2,0,1,287.064,42,169.209
41,14,2,2,1,2,2,2,2,2,0,1,286.838,41,147.374
42,14,3,2,1,2,2,2,2,2,0,1,287.041,42,151.688
43,15,1,13,4,9,9,9,9,9,1,1,289.282,42,48461.2
44,15,2,13,4,9,9,9,9,9,1,1,287.185,42,47866.7
45,15,3,13,4,9,9,9,9,9,1,1,287.17,42,48200.2
46,16,1,4,1,2,2,2,2,2,1,1,287.459,41,180.28
47,16,2,4,1,2,2,2,2,2,1,1,289.845,41,162.216
48,16,3,4,1,2,2,2,2,2,1,1,289.782,42,167.091
49,17,1,7,2,6,6,6,6,6,1,1,286.98,42,175.948
50,17,2,7,2,6,6,6,6,6,1,1,286.845,42,172.233
51,17,3,9,3,7,7,7,7,7,1,1,287.188,42,297.925
52,18,1,3,1,2,2,2,2,2,0,1,287.249,42,150.903
53,18,2,3,1,2,2,2,2,2,0,1,291.255,42,151.006
54,18,3,3,1,2,2,2,2,2,0,1,290.379,42,147.417
55,19,1,7,3,10,10,10,10,10,0,1,290.067,42,581.687
56,19,2,7,3,10,10,10,10,10,0,1,289.287,41,579.217
57,19,3,7,3,10,10,10,10,10,0,1,287.245,42,582.437
58,20,1,4,1,2,2,2,2,2,1,1,287.314,42,255.239
59,20,2,4,1,2,2,2,2,2,1,1,287.109,42,258.173
60,20,3,4,1,2,2,2,2,2,1,1,287.822,41,254.344
61,21,1,5,2,3,3,3,3,3,1,1,287.721,42,155.232
62,21,2,5,2,3,3,3,3,3,1,1,287.452,42,142.827
63,21,3,5,2,3,3,3,3,3,1,1,287.263,42,141.972
64,22,1,7,2,19,19,19,19,19,0,1,287.318,42,150.484
65,22,2,7,2,19,19,19,19,19,0,1,287.356,42,150.115
66,22,3,7,2,19,19,19,19,19,0,1,287.362,41,151.718
67,23,1,9,3,13,13,13,13,13,0,1,287.16,42,9769.11
68,23,2,9,3,13,13,13,13,13,0,1,287.541,41,9871.61
69,23,3,9,3,13,13,13,13,13,0,1,287.679,42,9849.82
70,24,1,5,2,4,4,4,4,4,1,1,287.521,42,159.004
71,24,2,5,2,4,4,4,4,4,1,1,287.446,41,145.166
72,24,3,5,2,4,4,4,4,4,1,1,287.379,41,144.506
73,25,1,5,2,4,4,4,4,4,1,1,287.907,42,185.757
74,25,2,5,2,4,4,4,4,4,1,1,287.676,42,189.768
75,25,3,5,2,4,4,4,4,4,1,1,287.236,41,187.77
76,26,1,3,1,3,3,3,3,3,0,1,287.617,41,155.555
77,26,2,3,1,3,3,3,3,3,0,1,291.136,42,153.632
78,26,3,3,1,3,3,3,3,3,0,1,290.371,41,152.873
79,27,1,3,2,2,2,2,2,2,0,1,288.237,42,157.357
80,27,2,3,2,2,2,2,2,2,0,1,287.375,42,158.563
81,27,3,3,2,2,2,2,2,2,0,1,288.096,42,157.133
82,28,1,4,2,3,3,3,3,3,0,1,287.841,41,149.607
83,28,2,4,2,3,3,3,3,3,0,1,288.195,42,149.864
84,28,3,4,2,3,3,3,3,3,0,1,287.181,41,150.26
85,29,1,9,3,11,11,11,11,11,0,1,287.463,42,3793.41
86,29,2,9,3,11,11,11,11,11,0,1,287.598,41,3802.58
87,29,3,9,3,11,11,11,11,11,0,1,287.345,42,3813.68
88,30,1,4,1,3,3,3,3,3,1,1,287.368,42,241.177
89,30,2,4,1,3,3,3,3,3,1,1,288.499,42,237.47
90,30,3,4,1,3,3,3,3,3,1,1,287.496,42,244.5
91,31,1,4,1,2,2,2,2,2,1,1,287.742,42,181.711
92,31,2,4,1,2,2,2,2,2,1,1,287.362,42,184.646
93,31,3,4,1,2,2,2,2,2,1,1,287.507,42,185.239
94,32,1,3,1,1,1,1,1,1,1,1,287.462,41,145.292
95,32,2,3,1,1,1,1,1,1,1,1,287.351,42,141.21
96,32,3,3,1,1,1,1,1,1,1,1,287.582,42,145.163
97,33,1,4,1,6,6,6,6,6,0,1,287.721,42,148.465
98,33,2,4,1,6,6,6,6,6,0,1,287.368,41,163.009
99,33,3,4,1,6,6,6,6,6,0,1,287.033,42,152.123
100,34,1,2,1,2,2,2,2,2,0,1,287.489,41,154.094
101,34,2,2,1,2,2,2,2,2,0,1,287.478,42,148.556
102,34,3,2,1,2,2,2,2,2,0,1,287.297,41,151.91
103,35,1,5,2,8,8,8,8,8,0,1,287.395,42,283.566
104,35,2,5,2,8,8,8,8,8,0,1,287.146,41,286.615
105,35,3,5,2,8,8,8,8,8,0,1,287.788,42,291.896
106,36,1,8,3,10,10,10,10,10,2,1,287.823,42,186.378
107,36,2,8,3,10,10,10,10,10,2,1,287.511,41,190.124
108,36,3,8,3,10,10,10,10,10,2,1,287.528,42,186.705
109,37,1,6,1,24,24,24,24,24,0,1,287.504,41,146.706
110,37,2,6,1,24,24,24,24,24,0,1,287.676,42,150.376
111,37,3,6,1,24,24,24,24,24,0,1,287.709,41,151.368
112,38,1,6,2,3,3,3,3,3,1,1,287.491,42,1705.46
113,38,2,6,2,3,3,3,3,3,1,1,287.053,42,1729.57
114,38,3,6,2,3,3,3,3,3,1,1,287.756,42,1741.08
115,39,1,5,2,6,6,6,6,6,0,1,287.397,42,200.633
116,39,2,5,2,6,6,6,6,6,0,1,290.023,42,200.665
117,39,3,5,2,6,6,6,6,6,0,1,287.527,41,203.102
118,40,1,3,2,4,4,4,4,4,0,1,287.297,42,174.504
119,40,2,3,2,4,4,4,4,4,0,1,287.36,42,169.959
120,40,3,3,2,4,4,4,4,4,0,1,287.49,42,174.139
121,41,1,2,1,2,2,2,2,2,0,1,287.589,42,149.908
122,41,2,2,1,2,2,2,2,2,0,1,287.856,42,148.737
123,41,3,2,1,2,2,2,2,2,0,1,287.228,41,149.084
124,42,1,5,2,5,5,5,5,5,1,1,287.185,41,149.396
125,42,2,5,2,5,5,5,5,5,1,1,287.399,41,152.836
126,42,3,6,2,6,6,6,6,6,1,1,287.682,42,158.616
127,43,1,5,1,4,4,4,4,4,1,1,287.369,42,166.294
128,43,2,5,1,4,4,4,4,4,1,1,287.245,42,157.994
129,43,3,5,1,4,4,4,4,4,1,1,287.31,42,145.526
130,44,1,5,2,2,2,2,2,2,1,1,287.166,42,453.487
131,44,2,5,2,2,2,2,2,2,1,1,287.235,41,456.2
132,44,3,5,2,2,2,2,2,2,1,1,287.178,42,450.042
133,45,1,5,2,3,3,3,3,3,1,1,287.483,42,289.541
134,45,2,5,2,3,3,3,3,3,1,1,287.651,41,288.921
135,45,3,5,2,3,3,3,3,3,1,1,287.017,42,288.654
136,46,1,3,1,3,3,3,3,3,0,1,287.413,41,180.116
137,46,2,3,1,3,3,3,3,3,0,1,287.607,42,179.869
138,46,3,3,1,3,3,3,3,3,0,1,287.541,42,164.131
139,47,1,5,1,18,18,18,18,18,0,1,287.318,42,153.327
140,47,2,5,1,18,18,18,18,18,0,1,287.383,42,152.016
141,47,3,5,1,18,18,18,18,18,0,1,287.539,41,148.852
142,48,1,5,2,3,3,3,3,3,1,1,287.625,42,295.572
143,48,2,5,2,3,3,3,3,3,1,1,286.828,42,261.946
144,48,3,5,2,3,3,3,3,3,1,1,287.695,41,270.817
145,49,1,2,1,2,2,2,2,2,0,1,287.119,42,143.458
146,49,2,2,1,2,2,2,2,2,0,1,290.59,41,143.524
147,49,3,2,1,2,2,2,2,2,0,1,289.649,41,141.876
148,50,1,6,2,4,4,4,4,4,1,1,290.833,42,1743.84
149,50,2,6,2,4,4,4,4,4,1,1,287.797,42,1793.52
150,50,3,6,2,4,4,4,4,4,1,1,287.787,42,1771.67
151,51,1,3,1,2,2,2,2,2,0,1,287.525,41,146.938
152,51,2,3,1,2,2,2,2,2,0,1,287.486,41,158.556
153,51,3,3,1,2,2,2,2,2,0,1,287.482,42,142.664
154,52,1,6,3,7,7,7,7,7,1,1,287.104,42,274.977
155,52,2,6,3,7,7,7,7,7,1,1,287.491,42,276.86
156,52,3,6,3,7,7,7,7,7,1,1,287.125,41,291.616
157,53,1,5,2,5,5,5,5,5,0,1,287.164,41,189.799
158,53,2,5,2,5,5,5,5,5,0,1,287.236,42,191.648
159,53,3,5,2,5,5,5,5,5,0,1,289.299,41,196.976
160,54,1,6,2,18,18,18,18,18,0,1,289.839,41,182.469
161,54,2,6,2,18,18,18,18,18,0,1,287.255,42,176.829
162,54,3,6,2,18,18,18,18,18,0,1,287.269,42,172.0
163,55,1,4,2,5,5,5,5,5,0,1,286.957,42,163.262
164,55,2,4,2,5,5,5,5,5,0,1,290.962,41,157.703
165,55,3,4,2,5,5,5,5,5,0,1,289.143,42,158.199
166,56,1,2,1,2,2,2,2,2,0,1,287.19,41,157.356
167,56,2,2,1,2,2,2,2,2,0,1,286.799,41,154.922
168,56,3,2,1,2,2,2,2,2,0,1,287.668,41,152.078
169,57,1,5,2,4,4,4,4,4,0,1,287.578,42,259.079
170,57,2,5,2,4,4,4,4,4,0,1,290.09,42,260.54
171,57,3,5,2,4,4,4,4,4,0,1,289.575,42,278.994
172,58,1,3,1,4,4,4,4,4,0,1,287.108,42,158.041
173,58,2,3,1,4,4,4,4,4,0,1,287.11,42,154.571
174,58,3,3,1,4,4,4,4,4,0,1,286.783,42,147.415
175,59,1,4,1,6,6,6,6,6,0,1,288.042,41,158.12
176,59,2,4,1,6,6,6,6,6,0,1,289.516,41,155.36
177,59,3,4,1,6,6,6,6,6,0,1,288.634,42,157.689
178,60,1,7,2,29,29,29,29,29,0,1,287.142,41,156.429
179,60,2,7,2,29,29,29,29,29,0,1,287.075,42,159.777
180,60,3,7,2,29,29,29,29,29,0,1,287.2,42,161.342
181,61,1,6,2,5,5,5,5,5,1,1,287.231,42,578.182
182,61,2,6,2,5,5,5,5,5,1,1,289.395,41,577.316
183,61,3,6,2,5,5,5,5,5,1,1,289.457,42,579.826
184,62,1,2,1,2,2,2,2,2,0,1,289.801,42,191.378
185,62,2,2,1,2,2,2,2,2,0,1,287.22,42,183.399
186,62,3,2,1,2,2,2,2,2,0,1,286.884,42,199.883
187,63,1,6,1,23,23,23,23,23,0,1,287.03,42,162.447
188,63,2,6,1,23,23,23,23,23,0,1,287.152,42,162.957
189,63,3,6,1,23,23,23,23,23,0,1,289.858,42,162.852
190,64,1,6,2,7,7,7,7,7,1,1,289.23,42,269.121
191,64,2,6,2,7,7,7,7,7,1,1,286.944,42,269.87
192,64,3,6,2,7,7,7,7,7,1,1,286.955,41,270.812
193,65,1,4,1,11,11,11,11,11,0,1,287.181,42,144.207
194,65,2,4,1,11,11,11,11,11,0,1,290.565,41,147.162
195,65,3,4,1,11,11,11,11,11,0,1,291.322,41,157.326
196,66,1,6,2,5,5,5,5,5,1,1,289.596,42,169.885
197,66,2,6,2,5,5,5,5,5,1,1,289.267,42,170.604
198,66,3,6,2,5,5,5,5,5,1,1,287.153,42,168.316
199,67,1,2,1,2,2,2,2,2,0,1,287.013,41,163.058
200,67,2,2,1,2,2,2,2,2,0,1,286.857,42,163.313
201,67,3,2,1,2,2,2,2,2,0,1,286.973,41,193.0
202,68,1,5,2,4,4,4,4,4,1,1,289.853,41,157.045
203,68,2,5,2,4,4,4,4,4,1,1,289.527,42,162.909
204,68,3,5,2,4,4,4,4,4,1,1,287.242,41,157.042
205,69,1,9,4,19,19,19,19,19,0,1,294.997,42,7626.51
206,69,2,9,4,19,19,19,19,19,0,1,287.077,42,7640.79
207,69,3,9,4,19,19,19,19,19,0,1,286.689,42,7506.9
208,70,1,6,2,5,5,5,5,5,1,1,289.241,42,1914.45
209,70,2,6,2,5,5,5,5,5,1,1,290.84,42,1900.36
210,70,3,6,2,5,5,5,5,5,1,1,286.46,42,1967.5
211,71,1,8,3,7,7,7,7,7,0,1,287.013,42,2748.51
212,71,2,8,3,7,7,7,7,7,0,1,289.25,42,2526.19
213,71,3,8,3,7,7,7,7,7,0,1,287.059,41,2479.06
214,72,1,3,1,5,5,5,5,5,0,1,290.77,41,158.924
215,72,2,3,1,5,5,5,5,5,0,1,289.247,41,157.849
216,72,3,3,1,5,5,5,5,5,0,1,287.218,42,160.236
217,73,1,4,2,6,6,6,6,6,0,1,287.297,42,156.868
218,73,2,4,2,6,6,6,6,6,0,1,287.054,42,154.633
219,73,3,4,2,6,6,6,6,6,0,1,286.715,41,155.334
220,74,1,3,0,2,2,2,2,2,1,0,291.039,42,156.446
221,74,2,3,0,2,2,2,2,2,1,0,289.708,42,155.913
222,74,3,3,0,2,2,2,2,2,1,0,287.057,41,160.416
223,75,1,7,4,6,6,6,6,6,0,1,287.216,42,703.883
224,75,2,7,4,6,6,6,6,6,0,1,286.536,41,690.512
225,75,3,7,4,6,6,6,6,6,0,1,287.088,42,658.078
226,76,1,8,3,4,4,4,4,4,1,1,287.319,41,9681.42
227,76,2,8,3,4,4,4,4,4,1,1,290.187,41,9729.0
228,76,3,8,3,4,4,4,4,4,1,1,289.162,41,10035.5
229,77,1,7,2,10,10,10,10,10,0,1,289.05,42,550.351
230,77,2,7,2,10,10,10,10,10,0,1,290.912,42,537.118
231,77,3,7,2,10,10,10,10,10,0,1,287.518,42,564.317
232,78,1,2,1,2,2,2,2,2,0,1,287.578,42,164.979
233,78,2,2,1,2,2,2,2,2,0,1,287.755,41,165.186
234,78,3,2,1,2,2,2,2,2,0,1,287.634,41,165.392
235,79,1,3,1,4,4,4,4,4,0,1,287.554,41,153.728
236,79,2,3,1,4,4,4,4,4,0,1,287.784,41,159.903
237,79,3,3,1,4,4,4,4,4,0,1,287.448,41,157.23
238,80,1,5,2,4,4,4,4,4,1,1,287.044,41,162.74
239,80,2,5,2,4,4,4,4,4,1,1,287.451,42,163.253
240,80,3,5,2,4,4,4,4,4,1,1,287.287,42,162.296
241,81,1,4,1,5,5,5,5,5,0,1,287.19,42,159.937
242,81,2,4,1,5,5,5,5,5,0,1,287.092,42,160.423
243,81,3,4,1,5,5,5,5,5,0,1,287.184,42,161.785
244,82,1,6,2,6,6,6,6,6,1,1,287.026,41,456.825
245,82,2,6,2,6,6,6,6,6,1,1,287.253,42,465.514
246,82,3,6,2,6,6,6,6,6,1,1,287.251,41,467.218
247,83,1,7,2,4,4,4,4,4,2,1,287.451,42,235.557
248,83,2,7,2,4,4,4,4,4,2,1,288.387,42,253.27
249,83,3,7,2,4,4,4,4,4,2,1,286.961,41,237.261
250,84,1,6,2,13,13,13,13,13,0,1,288.567,42,152.145
251,84,2,6,2,13,13,13,13,13,0,1,287.586,42,153.427
252,84,3,6,2,13,13,13,13,13,0,1,287.421,42,230.375
253,85,1,6,3,6,6,6,6,6,1,1,287.15,42,153.388
254,85,2,6,3,6,6,6,6,6,1,1,287.907,42,154.051
255,85,3,6,3,6,6,6,6,6,1,1,286.927,41,151.635
256,86,1,5,1,5,5,5,5,5,1,1,287.465,41,147.314
257,86,2,5,1,5,5,5,5,5,1,1,287.403,42,146.696
258,86,3,5,1,5,5,5,5,5,1,1,287.651,42,146.933
259,87,1,5,2,6,6,6,6,6,3,1,287.605,42,150.672
260,87,2,5,2,6,6,6,6,6,3,1,287.52,42,149.444
261,87,3,5,2,6,6,6,6,6,3,1,287.356,42,165.677
262,88,1,7,2,5,5,5,5,5,2,1,287.306,42,156.938
263,88,2,7,2,5,5,5,5,5,2,1,287.442,41,155.585
264,88,3,7,2,5,5,5,5,5,2,1,287.137,42,159.384
265,89,1,3,2,2,2,2,2,2,0,1,287.185,41,158.259
266,89,2,3,2,2,2,2,2,2,0,1,287.036,42,158.316
267,89,3,3,2,2,2,2,2,2,0,1,287.452,41,158.193
268,90,1,4,1,6,6,6,6,6,0,1,287.303,42,165.117
269,90,2,4,1,6,6,6,6,6,0,1,287.454,41,158.345
270,90,3,4,1,6,6,6,6,6,0,1,287.577,42,153.7
271,91,1,4,0,4,4,4,4,4,1,0,287.572,42,171.348
272,91,2,4,0,4,4,4,4,4,1,0,287.364,42,176.118
273,91,3,4,0,4,4,4,4,4,1,0,287.165,41,182.156
274,92,1,4,2,4,4,4,4,4,0,1,287.77,41,208.861
275,92,2,4,2,4,4,4,4,4,0,1,287.642,42,216.964
276,92,3,4,2,4,4,4,4,4,0,1,287.226,42,237.661
277,93,1,3,2,2,2,2,2,2,0,1,287.853,42,181.281
278,93,2,3,2,2,2,2,2,2,0,1,286.987,42,178.472
279,93,3,3,2,2,2,2,2,2,0,1,287.044,41,173.999
280,94,1,5,2,4,4,4,4,4,1,1,287.285,42,181.809
281,94,2,5,2,4,4,4,4,4,1,1,286.851,42,166.576
282,94,3,5,2,4,4,4,4,4,1,1,287.439,42,166.628
283,95,1,8,3,6,6,6,6,6,2,1,287.737,42,186.067
284,95,2,8,3,6,6,6,6,6,2,1,287.686,41,187.869
285,95,3,8,3,6,6,6,6,6,2,1,287.123,41,183.474
286,96,1,6,3,5,5,5,5,5,1,1,287.514,42,154.134
287,96,2,6,3,5,5,5,5,5,1,1,287.096,42,150.475
288,96,3,6,3,5,5,5,5,5,1,1,287.453,42,148.191
289,97,1,2,1,2,2,2,2,2,0,1,287.393,42,143.162
290,97,2,2,1,2,2,2,2,2,0,1,287.56,41,142.701
291,97,3,2,1,2,2,2,2,2,0,1,287.091,42,156.199
292,98,1,5,2,8,8,8,8,8,0,1,287.666,42,151.812
293,98,2,5,2,8,8,8,8,8,0,1,287.472,42,143.96
294,98,3,5,2,8,8,8,8,8,0,1,287.408,42,143.673
295,99,1,5,2,3,3,3,3,3,1,1,286.982,42,579.512
296,99,2,5,2,3,3,3,3,3,1,1,287.787,41,570.792
297,99,3,5,2,3,3,3,3,3,1,1,287.431,41,576.159
298,100,1,7,2,5,5,5,5,5,2,1,287.508,41,155.288
299,100,2,7,2,5,5,5,5,5,2,1,286.946,42,158.264
300,100,3,7,2,5,5,5,5,5,2,1,287.239,41,158.529
301,101,1,7,2,41,41,41,41,41,0,1,287.11,42,151.983
302,101,2,7,2,41,41,41,41,41,0,1,287.335,42,148.917
303,101,3,7,2,41,41,41,41,41,0,1,287.535,42,150.842
304,102,1,4,1,11,11,11,11,11,0,1,286.866,42,160.334
305,102,2,4,1,11,11,11,11,11,0,1,286.887,42,162.548
306,102,3,4,1,11,11,11,11,11,0,1,287.484,41,175.411
307,103,1,4,1,3,3,3,3,3,1,1,287.593,42,146.446
308,103,2,4,1,3,3,3,3,3,1,1,287.698,41,146.812
309,103,3,4,1,3,3,3,3,3,1,1,287.261,42,152.817
310,104,1,6,3,6,6,6,6,6,1,1,287.47,41,167.275
311,104,2,6,3,6,6,6,6,6,1,1,287.139,42,162.761
312,104,3,6,3,6,6,6,6,6,1,1,287.379,42,167.904
313,105,1,6,2,3,3,3,3,3,1,1,287.434,42,1939.53
314,105,2,6,2,3,3,3,3,3,1,1,287.187,42,1937.16
315,105,3,6,2,3,3,3,3,3,1,1,287.497,42,1947.08
316,106,1,6,2,8,8,8,8,8,0,1,287.2,41,734.233
317,106,2,6,2,8,8,8,8,8,0,1,287.242,41,783.498
318,106,3,6,2,8,8,8,8,8,0,1,287.832,42,705.326
319,107,1,7,4,5,5,5,5,5,2,1,287.151,42,160.248
320,107,2,7,4,5,5,5,5,5,2,1,291.071,42,174.529
321,107,3,7,4,5,5,5,5,5,2,1,287.249,41,161.831
322,108,1,,,,,,,,,,,,
323,108,2,,,,,,,,,,,,
324,108,3,,,,,,,,,,,,
325,109,1,5,1,11,11,11,11,11,0,1,286.76,42,153.381
326,109,2,5,1,11,11,11,11,11,0,1,287.237,41,150.874
327,109,3,5,1,11,11,11,11,11,0,1,287.222,42,150.709
328,110,1,4,1,3,3,3,3,3,1,1,286.923,42,269.083
329,110,2,4,1,3,3,3,3,3,1,1,287.586,41,272.345
330,110,3,4,1,3,3,3,3,3,1,1,286.884,42,265.949
331,111,1,7,2,5,5,5,5,5,2,1,287.393,42,154.319
332,111,2,7,2,5,5,5,5,5,2,1,287.74,42,155.816
333,111,3,7,2,5,5,5,5,5,2,1,287.496,42,157.26
334,112,1,5,3,4,4,4,4,4,1,1,287.518,42,145.26
335,112,2,5,3,4,4,4,4,4,1,1,287.228,42,145.932
336,112,3,5,3,4,4,4,4,4,1,1,287.016,42,145.23
337,113,1,5,2,4,4,4,4,4,1,1,287.854,42,146.232
338,113,2,5,2,4,4,4,4,4,1,1,287.617,42,162.976
339,113,3,5,2,4,4,4,4,4,1,1,287.724,42,146.328
340,114,1,5,1,3,3,3,3,3,1,1,287.372,42,145.252
341,114,2,5,1,3,3,3,3,3,1,1,287.513,42,145.595
342,114,3,5,1,3,3,3,3,3,1,1,286.853,42,146.311
343,115,1,2,1,1,1,1,1,1,0,1,287.073,42,149.896
344,115,2,2,1,1,1,1,1,1,0,1,287.633,42,148.446
345,115,3,2,1,1,1,1,1,1,0,1,287.092,41,148.618
346,116,1,3,2,2,2,2,2,2,0,1,287.427,42,205.044
347,116,2,3,2,2,2,2,2,2,0,1,287.288,42,204.672
348,116,3,3,2,2,2,2,2,2,0,1,287.392,42,204.659
349,117,1,7,2,11,11,11,11,11,0,1,287.088,41,258.755
350,117,2,7,2,11,11,11,11,11,0,1,287.009,42,257.323
351,117,3,7,2,11,11,11,11,11,0,1,287.111,41,257.845
352,118,1,5,2,3,3,3,3,3,1,1,287.384,42,140.908
353,118,2,5,2,3,3,3,3,3,1,1,286.985,41,155.064
354,118,3,5,2,3,3,3,3,3,1,1,287.404,42,141.035
355,119,1,4,1,5,5,5,5,5,0,1,287.286,41,157.089
356,119,2,4,1,5,5,5,5,5,0,1,287.428,41,157.401
357,119,3,4,1,5,5,5,5,5,0,1,287.468,41,157.475
358,120,1,4,1,3,3,3,3,3,1,1,287.171,42,191.614
359,120,2,4,1,3,3,3,3,3,1,1,286.843,42,230.854
360,120,3,4,1,3,3,3,3,3,1,1,286.886,42,194.028
361,121,1,3,1,4,4,4,4,4,0,1,287.008,42,145.728
362,121,2,3,1,4,4,4,4,4,0,1,287.242,42,146.017
363,121,3,3,1,4,4,4,4,4,0,1,287.455,41,146.057
364,122,1,5,2,4,4,4,4,4,1,1,287.251,42,143.573
365,122,2,5,2,4,4,4,4,4,1,1,287.39,42,145.893
366,122,3,5,2,4,4,4,4,4,1,1,287.031,42,143.359
367,123,1,3,2,3,3,3,3,3,0,1,287.726,42,153.141
368,123,2,3,2,3,3,3,3,3,0,1,287.671,41,168.063
369,123,3,3,2,3,3,3,3,3,0,1,287.459,42,153.416
370,124,1,6,1,5,5,5,5,5,1,1,288.188,41,149.803
371,124,2,6,1,5,5,5,5,5,1,1,287.729,42,147.981
372,124,3,6,1,5,5,5,5,5,1,1,287.17,42,149.287
373,125,1,5,1,5,5,5,5,5,1,1,287.634,42,157.333
374,125,2,5,1,5,5,5,5,5,1,1,287.249,42,156.558
375,125,3,5,1,5,5,5,5,5,1,1,287.564,42,155.263
376,126,1,7,2,5,5,5,5,5,1,1,287.642,42,159.618
377,126,2,7,2,5,5,5,5,5,1,1,287.162,42,156.984
378,126,3,7,2,5,5,5,5,5,1,1,287.614,42,159.37
379,127,1,6,2,7,7,7,7,7,1,1,287.33,42,1905.04
380,127,2,6,2,7,7,7,7,7,1,1,286.892,42,1894.87
381,127,3,6,2,7,7,7,7,7,1,1,287.789,42,1882.28
382,128,1,3,2,4,4,4,4,4,0,1,287.495,42,155.098
383,128,2,3,2,4,4,4,4,4,0,1,287.384,42,140.111
384,128,3,3,2,4,4,4,4,4,0,1,286.97,42,140.083
385,129,1,4,1,2,2,2,2,2,1,1,287.525,41,184.406
386,129,2,4,1,2,2,2,2,2,1,1,287.943,42,182.528
387,129,3,4,1,2,2,2,2,2,1,1,287.433,41,181.807
388,130,1,5,2,4,4,4,4,4,1,1,287.865,42,144.378
389,130,2,5,2,4,4,4,4,4,1,1,287.502,41,142.21
390,130,3,5,2,4,4,4,4,4,1,1,290.852,42,143.708
391,131,1,5,2,4,4,4,4,4,1,1,287.43,42,145.101
392,131,2,5,2,4,4,4,4,4,1,1,287.49,42,145.47
393,131,3,5,2,4,4,4,4,4,1,1,287.396,42,146.161
394,132,1,7,4,5,5,5,5,5,2,1,287.077,41,178.574
395,132,2,7,4,5,5,5,5,5,2,1,287.216,42,177.237
396,132,3,7,4,5,5,5,5,5,2,1,287.429,42,176.314
397,133,1,9,3,5,5,5,5,5,1,1,287.357,42,13727.7
398,133,2,9,3,5,5,5,5,5,1,1,287.32,42,13583.0
399,133,3,9,3,5,5,5,5,5,1,1,287.361,42,13544.8
400,134,1,7,2,9,9,9,9,9,0,1,287.521,41,292.647
401,134,2,7,2,9,9,9,9,9,0,1,287.384,41,299.144
402,134,3,7,2,9,9,9,9,9,0,1,286.823,42,307.535
403,135,1,3,1,1,1,1,1,1,1,1,288.225,41,155.905
404,135,2,3,1,1,1,1,1,1,1,1,286.968,42,158.25
405,135,3,3,1,1,1,1,1,1,1,1,286.946,42,159.67
406,136,1,3,1,4,4,4,4,4,0,1,290.865,41,158.188
407,136,2,3,1,4,4,4,4,4,0,1,289.247,42,160.056
408,136,3,3,1,4,4,4,4,4,0,1,287.984,42,163.472
409,137,1,4,1,7,7,7,7,7,0,1,286.841,41,171.041
410,137,2,4,1,7,7,7,7,7,0,1,287.071,41,163.893
411,137,3,4,1,7,7,7,7,7,0,1,286.865,42,164.168
412,138,1,4,1,5,5,5,5,5,0,1,291.228,42,264.171
413,138,2,4,1,5,5,5,5,5,0,1,289.16,42,267.326
414,138,3,4,1,5,5,5,5,5,0,1,287.438,42,267.508
415,139,1,9,4,9,9,9,9,9,0,1,289.051,41,1803.92
416,139,2,9,4,9,9,9,9,9,0,1,291.772,42,1785.96
417,139,3,9,4,9,9,9,9,9,0,1,287.438,42,1816.25
418,140,1,4,2,3,3,3,3,3,0,1,291.738,42,347.094
419,140,2,4,2,3,3,3,3,3,0,1,287.739,42,359.943
420,140,3,4,2,3,3,3,3,3,0,1,287.062,42,399.466
421,141,1,5,1,7,7,7,7,7,0,1,287.098,42,242.327
422,141,2,5,1,7,7,7,7,7,0,1,287.598,42,240.941
423,141,3,5,1,7,7,7,7,7,0,1,287.35,41,243.05
424,142,1,8,3,9,9,9,9,9,0,1,286.969,42,509.167
425,142,2,8,3,9,9,9,9,9,0,1,287.114,42,508.26
426,142,3,8,3,9,9,9,9,9,0,1,292.301,41,504.693
427,143,1,6,2,4,4,4,4,4,1,1,289.401,42,160.059
428,143,2,6,2,4,4,4,4,4,1,1,287.521,41,162.579
429,143,3,6,2,4,4,4,4,4,1,1,287.079,42,157.834
430,144,1,6,2,8,8,8,8,8,0,1,287.146,42,184.965
431,144,2,6,2,8,8,8,8,8,0,1,286.649,42,196.366
432,144,3,6,2,8,8,8,8,8,0,1,289.495,42,183.243
433,145,1,6,2,3,3,3,3,3,2,1,287.322,42,164.976
434,145,2,6,2,3,3,3,3,3,2,1,287.226,42,156.333
435,145,3,6,2,3,3,3,3,3,2,1,287.456,41,155.831
436,146,1,6,1,24,24,24,24,24,0,1,286.896,41,164.977
437,146,2,6,1,24,24,24,24,24,0,1,287.904,42,157.129
438,146,3,6,1,24,24,24,24,24,0,1,289.267,41,156.131
439,147,1,4,1,3,3,3,3,3,1,1,290.182,42,199.826
440,147,2,4,1,3,3,3,3,3,1,1,287.195,41,196.996
441,147,3,4,1,3,3,3,3,3,1,1,287.129,42,197.851
442,148,1,7,3,3,3,3,3,3,1,1,286.962,42,1979.85
443,148,2,7,3,3,3,3,3,3,1,1,289.5,42,2013.69
444,148,3,7,3,3,3,3,3,3,1,1,291.054,42,1967.44
445,149,1,3,1,2,2,2,2,2,0,1,289.421,42,174.639
446,149,2,3,1,2,2,2,2,2,0,1,287.306,42,161.399
447,149,3,3,1,2,2,2,2,2,0,1,287.653,41,157.666
448,150,1,8,3,7,7,7,7,7,2,1,286.841,42,178.29
449,150,2,8,3,7,7,7,7,7,2,1,287.157,42,182.055
450,150,3,8,3,7,7,7,7,7,2,1,287.165,41,180.139
451,151,1,5,2,4,4,4,4,4,1,1,287.631,42,570.456
452,151,2,5,2,4,4,4,4,4,1,1,287.17,42,579.95
453,151,3,5,2,4,4,4,4,4,1,1,287.482,42,582.812
454,152,1,5,2,3,3,3,3,3,1,1,287.236,42,150.339
455,152,2,5,2,3,3,3,3,3,1,1,287.157,42,148.62
456,152,3,5,2,3,3,3,3,3,1,1,287.243,42,145.265
457,153,1,8,3,18,18,18,18,18,0,1,287.491,42,2539.15
458,153,2,8,3,18,18,18,18,18,0,1,287.515,41,2493.01
459,153,3,8,3,18,18,18,18,18,0,1,287.389,42,2497.63
460,154,1,8,3,14,14,14,14,14,0,1,287.436,41,6368.68
461,154,2,8,3,14,14,14,14,14,0,1,287.582,42,6335.9
462,154,3,8,3,14,14,14,14,14,0,1,287.428,42,6371.5
463,155,1,7,2,7,7,7,7,7,1,1,287.614,42,166.567
464,155,2,7,2,7,7,7,7,7,1,1,287.738,42,164.105
465,155,3,7,2,7,7,7,7,7,1,1,287.19,42,165.913
466,156,1,6,2,5,5,5,5,5,1,1,291.334,41,157.966
467,156,2,6,2,5,5,5,5,5,1,1,289.51,42,158.69
468,156,3,6,2,5,5,5,5,5,1,1,287.206,42,159.433
469,157,1,6,2,7,7,7,7,7,0,1,288.454,42,357.223
470,157,2,6,2,7,7,7,7,7,0,1,287.265,42,336.769
471,157,3,6,2,7,7,7,7,7,0,1,287.001,41,334.491
472,158,1,7,3,4,4,4,4,4,1,1,287.261,42,296.521
473,158,2,7,3,4,4,4,4,4,1,1,287.151,42,293.114
474,158,3,7,3,4,4,4,4,4,1,1,287.315,42,298.442
475,159,1,6,1,6,6,6,6,6,1,1,287.286,42,462.517
476,159,2,6,1,6,6,6,6,6,1,1,287.517,41,467.414
477,159,3,6,1,6,6,6,6,6,1,1,287.279,42,458.459
478,160,1,5,2,4,4,4,4,4,1,1,287.932,42,147.78
479,160,2,5,2,4,4,4,4,4,1,1,287.012,42,146.786
480,160,3,5,2,4,4,4,4,4,1,1,287.388,42,146.408
481,161,1,5,2,2,2,2,2,2,1,1,287.789,41,144.143
482,161,2,5,2,2,2,2,2,2,1,1,287.76,42,147.638
483,161,3,5,2,2,2,2,2,2,1,1,287.21,41,151.279
484,162,1,5,3,4,4,4,4,4,0,1,287.144,42,210.9
485,162,2,5,3,4,4,4,4,4,0,1,287.082,42,193.414
486,162,3,5,3,4,4,4,4,4,0,1,287.137,42,190.176
487,163,1,4,1,3,3,3,3,3,1,1,288.436,42,139.15
488,163,2,4,1,3,3,3,3,3,1,1,287.184,42,143.914
489,163,3,4,1,3,3,3,3,3,1,1,288.09,41,144.187
490,164,1,3,1,3,3,3,3,3,0,1,287.591,41,142.563
491,164,2,3,1,3,3,3,3,3,0,1,287.007,42,144.848
492,164,3,3,1,3,3,3,3,3,0,1,287.681,42,144.063
493,165,1,3,1,3,3,3,3,3,0,1,286.719,42,154.07
494,165,2,3,1,3,3,3,3,3,0,1,287.539,41,155.753
495,165,3,3,1,3,3,3,3,3,0,1,287.287,42,153.518
496,166,1,6,2,5,5,5,5,5,1,1,287.495,42,1895.1
497,166,2,6,2,5,5,5,5,5,1,1,287.412,42,1902.85
498,166,3,6,2,5,5,5,5,5,1,1,287.34,42,1929.66
499,167,1,4,1,7,7,7,7,7,0,1,290.889,42,145.394
500,167,2,4,1,7,7,7,7,7,0,1,288.121,41,152.199
501,167,3,4,1,7,7,7,7,7,0,1,287.524,41,151.11
502,168,1,6,3,5,5,5,5,5,0,1,286.854,42,190.445
503,168,2,6,3,5,5,5,5,5,0,1,287.179,42,191.138
504,168,3,6,3,5,5,5,5,5,0,1,287.721,42,191.672
505,169,1,5,2,2,2,2,2,2,1,1,289.362,42,147.258
506,169,2,5,2,2,2,2,2,2,1,1,287.659,42,154.691
507,169,3,5,2,2,2,2,2,2,1,1,287.051,42,149.369
508,170,1,6,2,5,5,5,5,5,1,1,286.922,42,150.424
509,170,2,6,2,5,5,5,5,5,1,1,288.551,42,151.357
510,170,3,6,2,5,5,5,5,5,1,1,287.679,42,149.092
511,171,1,5,2,3,3,3,3,3,1,1,287.195,41,659.195
512,171,2,5,2,3,3,3,3,3,1,1,289.372,42,657.971
513,171,3,5,2,3,3,3,3,3,1,1,289.959,42,675.397
514,172,1,9,3,10,10,10,10,10,0,1,287.26,42,9901.44
515,172,2,9,3,10,10,10,10,10,0,1,287.305,42,9992.43
516,172,3,9,3,10,10,10,10,10,0,1,287.073,42,9933.67
517,173,1,4,1,3,3,3,3,3,1,1,291.292,41,145.778
518,173,2,4,1,3,3,3,3,3,1,1,289.616,42,146.456
519,173,3,4,1,3,3,3,3,3,1,1,287.314,42,146.01
520,174,1,10,4,15,15,15,15,15,2,1,287.188,41,720.379
521,174,2,10,4,15,15,15,15,15,2,1,287.091,41,741.428
522,174,3,10,4,15,15,15,15,15,2,1,287.449,42,699.8
523,175,1,4,2,2,2,2,2,2,1,1,287.475,41,142.933
524,175,2,4,2,2,2,2,2,2,1,1,287.071,42,142.506
525,175,3,4,2,2,2,2,2,2,1,1,289.385,41,143.646
526,176,1,5,2,3,3,3,3,3,1,1,289.931,41,152.959
527,176,2,5,2,3,3,3,3,3,1,1,286.832,42,148.984
528,176,3,5,2,3,3,3,3,3,1,1,286.965,42,145.109
529,177,1,6,2,4,4,4,4,4,1,1,287.059,42,150.289
530,177,2,6,2,4,4,4,4,4,1,1,287.077,42,150.723
531,177,3,6,2,4,4,4,4,4,1,1,289.681,42,150.36
532,178,1,3,1,4,4,4,4,4,0,1,287.994,41,157.726
533,178,2,3,1,4,4,4,4,4,0,1,287.151,41,153.673
534,178,3,3,1,4,4,4,4,4,0,1,287.035,42,156.025
535,179,1,4,1,2,2,2,2,2,1,1,287.185,41,208.196
536,179,2,4,1,2,2,2,2,2,1,1,289.03,42,225.105
537,179,3,4,1,2,2,2,2,2,1,1,289.013,41,208.767
538,180,1,7,2,4,4,4,4,4,1,1,289.913,41,14554.8
539,180,2,7,2,4,4,4,4,4,1,1,287.323,42,14483.0
540,180,3,7,2,4,4,4,4,4,1,1,287.319,42,14711.4
541,181,1,5,2,4,4,4,4,4,1,1,287.252,42,537.203
542,181,2,5,2,4,4,4,4,4,1,1,287.415,41,541.014
543,181,3,5,2,4,4,4,4,4,1,1,290.943,42,528.774
544,182,1,5,2,4,4,4,4,4,1,1,289.476,42,162.092
545,182,2,5,2,4,4,4,4,4,1,1,287.671,42,164.936
546,182,3,5,2,4,4,4,4,4,1,1,287.048,41,167.587
547,183,1,8,2,6,6,6,6,6,1,1,287.117,42,185.768
548,183,2,8,2,6,6,6,6,6,1,1,287.256,42,186.069
549,183,3,8,2,6,6,6,6,6,1,1,291.363,41,193.808
550,184,1,4,1,4,4,4,4,4,1,1,289.497,41,154.695
551,184,2,4,1,4,4,4,4,4,1,1,287.379,42,161.436
552,184,3,5,1,4,4,4,4,4,1,1,287.279,42,157.074
553,185,1,5,2,5,5,5,5,5,1,1,287.408,42,163.398
554,185,2,5,2,5,5,5,5,5,1,1,287.174,41,157.644
555,185,3,5,2,5,5,5,5,5,1,1,287.248,42,162.698
556,186,1,5,2,6,6,6,6,6,0,1,287.556,41,226.214
557,186,2,5,2,6,6,6,6,6,0,1,287.684,42,210.144
558,186,3,5,2,6,6,6,6,6,0,1,288.086,42,219.201
559,187,1,3,1,5,5,5,5,5,0,1,286.948,41,168.465
560,187,2,3,1,5,5,5,5,5,0,1,287.554,42,180.373
561,187,3,3,1,5,5,5,5,5,0,1,287.537,42,180.288
562,188,1,7,3,4,4,4,4,4,2,1,287.967,41,171.397
563,188,2,7,3,4,4,4,4,4,2,1,287.937,42,175.696
564,188,3,7,3,4,4,4,4,4,2,1,288.24,42,166.863
565,189,1,6,1,8,8,8,8,8,1,1,287.477,41,164.443
566,189,2,6,1,8,8,8,8,8,1,1,287.162,42,163.95
567,189,3,6,1,8,8,8,8,8,1,1,289.12,42,154.7
568,190,1,4,1,7,7,7,7,7,0,1,289.859,41,165.335
569,190,2,4,1,7,7,7,7,7,0,1,287.127,42,163.639
570,190,3,4,1,7,7,7,7,7,0,1,287.168,41,161.722
571,191,1,6,2,9,9,9,9,9,0,1,286.706,42,190.705
572,191,2,6,2,9,9,9,9,9,0,1,287.677,41,170.669
573,191,3,6,2,9,9,9,9,9,0,1,289.472,41,169.888
574,192,1,7,3,7,7,7,7,7,1,1,287.115,42,172.635
575,192,2,7,3,7,7,7,7,7,1,1,286.717,42,173.477
576,192,3,7,3,7,7,7,7,7,1,1,287.212,42,172.855
577,193,1,5,2,7,7,7,7,7,0,1,287.023,42,189.365
578,193,2,5,2,7,7,7,7,7,0,1,289.889,41,193.128
579,193,3,5,2,7,7,7,7,7,0,1,289.664,42,195.706
580,194,1,6,2,4,4,4,4,4,1,1,287.193,42,195.891
581,194,2,6,2,4,4,4,4,4,1,1,286.991,42,195.885
582,194,3,6,2,4,4,4,4,4,1,1,287.375,42,194.157
583,195,1,4,1,5,5,5,5,5,0,1,289.895,42,203.694
584,195,2,4,1,5,5,5,5,5,0,1,289.487,42,199.66
585,195,3,4,1,5,5,5,5,5,0,1,288.124,42,203.345
586,196,1,4,1,3,3,3,3,3,1,1,286.789,42,314.495
587,196,2,4,1,3,3,3,3,3,1,1,287.081,41,299.258
588,196,3,4,1,3,3,3,3,3,1,1,287.644,42,291.197
589,197,1,5,2,4,4,4,4,4,1,1,287.303,41,145.183
590,197,2,5,2,4,4,4,4,4,1,1,290.99,42,145.215
591,197,3,5,2,4,4,4,4,4,1,1,289.604,42,144.311
592,198,1,7,3,14,14,14,14,14,0,1,287.3,42,173.787
593,198,2,7,3,14,14,14,14,14,0,1,286.684,41,176.016
594,198,3,7,3,14,14,14,14,14,0,1,287.264,41,169.317
595,199,1,6,2,12,12,12,12,12,0,1,286.876,42,174.225
596,199,2,6,2,12,12,12,12,12,0,1,289.377,41,177.282
597,199,3,6,2,12,12,12,12,12,0,1,287.06,41,184.549
598,200,1,6,1,20,20,20,20,20,0,1,286.974,42,182.846
599,200,2,6,1,20,20,20,20,20,0,1,287.666,41,182.535
600,200,3,6,1,20,20,20,20,20,0,1,287.113,41,179.283
601,201,1,4,2,4,4,4,4,4,0,1,289.647,42,196.583
602,201,2,4,2,4,4,4,4,4,0,1,289.263,42,179.35
603,201,3,4,2,4,4,4,4,4,0,1,286.996,42,182.837
604,202,1,5,2,5,5,5,5,5,1,1,287.029,42,166.592
605,202,2,5,2,5,5,5,5,5,1,1,287.108,41,151.897
606,202,3,5,2,5,5,5,5,5,1,1,287.255,42,152.29
607,203,1,3,1,3,3,3,3,3,0,1,291.001,42,163.798
608,203,2,3,1,3,3,3,3,3,0,1,289.908,41,166.742
609,203,3,3,1,3,3,3,3,3,0,1,286.954,41,164.004
610,204,1,5,1,9,9,9,9,9,0,1,286.919,42,157.143
611,204,2,5,1,9,9,9,9,9,0,1,287.396,41,156.367
612,204,3,5,1,9,9,9,9,9,0,1,290.15,42,151.952
613,205,1,5,2,4,4,4,4,4,1,1,289.365,42,579.868
614,205,2,5,2,4,4,4,4,4,1,1,289.453,42,584.745
615,205,3,5,2,4,4,4,4,4,1,1,289.304,41,583.324
616,206,1,3,1,3,3,3,3,3,0,1,287.103,42,172.869
617,206,2,3,1,3,3,3,3,3,0,1,287.117,42,152.076
618,206,3,3,1,3,3,3,3,3,0,1,286.724,42,154.02
619,207,1,1,1,0,0,0,0,0,0,1,290.256,41,150.332
620,207,2,1,1,0,0,0,0,0,0,1,289.667,41,153.94
621,207,3,1,1,0,0,0,0,0,0,1,285.985,42,152.259
622,208,1,7,2,5,5,5,5,5,2,1,287.01,42,157.731
623,208,2,7,2,5,5,5,5,5,2,1,286.75,42,156.68
624,208,3,7,2,5,5,5,5,5,2,1,289.448,42,157.049
625,209,1,5,2,2,2,2,2,2,1,1,289.402,42,270.518
626,209,2,5,2,2,2,2,2,2,1,1,287.34,42,275.387
627,209,3,5,2,2,2,2,2,2,1,1,287.946,42,265.506
628,210,1,5,2,4,4,4,4,4,1,1,287.16,41,147.206
629,210,2,5,2,4,4,4,4,4,1,1,287.122,42,147.243
630,210,3,5,2,4,4,4,4,4,1,1,286.974,42,152.133
631,211,1,7,2,32,32,32,32,32,0,1,289.971,42,167.075
632,211,2,7,2,32,32,32,32,32,0,1,290.209,42,154.78
633,211,3,7,2,32,32,32,32,32,0,1,287.114,41,152.657
634,212,1,4,2,2,2,2,2,2,1,1,287.374,41,144.915
635,212,2,4,2,2,2,2,2,2,1,1,287.299,41,144.769
636,212,3,4,2,2,2,2,2,2,1,1,290.76,42,143.972
637,213,1,3,1,3,3,3,3,3,0,1,289.781,42,158.258
638,213,2,3,1,3,3,3,3,3,0,1,288.25,42,161.868
639,213,3,3,1,3,3,3,3,3,0,1,287.05,41,159.556
640,214,1,8,3,9,9,9,9,9,0,1,287.099,41,587.002
641,214,2,8,3,9,9,9,9,9,0,1,287.056,41,551.282
642,214,3,8,3,9,9,9,9,9,0,1,286.78,41,550.088
643,215,1,5,2,4,4,4,4,4,1,1,286.811,41,715.09
644,215,2,5,2,4,4,4,4,4,1,1,287.469,41,718.41
645,215,3,5,2,4,4,4,4,4,1,1,287.344,41,732.033
646,216,1,3,1,2,2,2,2,2,0,1,289.209,41,169.478
647,216,2,3,1,2,2,2,2,2,0,1,289.487,42,161.612
648,216,3,3,1,2,2,2,2,2,0,1,287.17,42,159.553
649,217,1,3,1,3,3,3,3,3,0,1,287.125,41,156.09
650,217,2,3,1,3,3,3,3,3,0,1,287.224,42,156.332
651,217,3,3,1,3,3,3,3,3,0,1,287.471,41,162.792
652,218,1,5,2,3,3,3,3,3,1,1,287.618,42,142.029
653,218,2,5,2,3,3,3,3,3,1,1,287.42,42,142.644
654,218,3,5,2,3,3,3,3,3,1,1,287.257,42,141.842
655,219,1,6,2,21,21,21,21,21,0,1,287.396,41,146.186
656,219,2,6,2,21,21,21,21,21,0,1,287.81,42,147.285
657,219,3,6,2,21,21,21,21,21,0,1,287.293,41,146.674
658,220,1,7,2,10,10,10,10,10,1,1,287.309,41,164.719
659,220,2,5,1,7,7,7,7,7,1,1,287.702,42,145.231
660,220,3,7,2,10,10,10,10,10,1,1,287.323,42,165.984
661,221,1,5,1,5,5,5,5,5,1,1,287.436,42,158.81
662,221,2,5,1,5,5,5,5,5,1,1,287.308,42,143.499
663,221,3,5,1,5,5,5,5,5,1,1,287.574,42,141.79
664,222,1,5,2,5,5,5,5,5,1,1,287.348,41,196.405
665,222,2,5,2,5,5,5,5,5,1,1,287.479,42,193.403
666,222,3,5,2,5,5,5,5,5,1,1,287.35,41,193.668
667,223,1,8,3,14,14,14,14,14,0,1,287.602,41,1779.69
668,223,2,8,3,14,14,14,14,14,0,1,287.252,42,1771.55
669,223,3,8,3,14,14,14,14,14,0,1,287.811,41,1780.97
670,224,1,5,3,8,8,8,8,8,0,1,287.503,41,194.288
671,224,2,5,3,8,8,8,8,8,0,1,287.553,42,192.213
672,224,3,5,3,8,8,8,8,8,0,1,287.887,42,195.589
673,225,1,5,2,3,3,3,3,3,1,1,287.204,42,271.941
674,225,2,5,2,3,3,3,3,3,1,1,287.155,42,270.649
675,225,3,5,2,3,3,3,3,3,1,1,287.582,42,286.914
676,226,1,5,2,8,8,8,8,8,0,1,287.228,42,607.636
677,226,2,5,2,8,8,8,8,8,0,1,287.558,42,610.424
678,226,3,5,2,8,8,8,8,8,0,1,287.447,41,607.057
679,227,1,9,3,5,5,5,5,5,1,1,287.219,41,437.351
680,227,2,9,3,5,5,5,5,5,1,1,287.389,41,437.756
681,227,3,9,3,5,5,5,5,5,1,1,287.284,42,436.796
682,228,1,2,1,1,1,1,1,1,0,1,287.586,42,139.214
683,228,2,2,1,1,1,1,1,1,0,1,287.294,41,139.054
684,228,3,2,1,1,1,1,1,1,0,1,287.301,42,141.218
685,229,1,7,2,9,9,9,9,9,0,1,287.757,42,400.272
686,229,2,7,2,9,9,9,9,9,0,1,287.443,41,403.873
687,229,3,7,2,9,9,9,9,9,0,1,287.386,42,403.288
688,230,1,4,1,6,6,6,6,6,0,1,287.321,41,152.209
689,230,2,4,1,6,6,6,6,6,0,1,287.671,42,150.968
690,230,3,4,1,6,6,6,6,6,0,1,287.228,42,165.724
691,231,1,3,2,2,2,2,2,2,0,1,287.414,42,142.433
692,231,2,3,2,2,2,2,2,2,0,1,287.204,42,144.184
693,231,3,3,2,2,2,2,2,2,0,1,286.984,41,148.689
694,232,1,7,2,26,26,26,26,26,0,1,287.259,42,158.457
695,232,2,7,2,26,26,26,26,26,0,1,287.406,42,155.387
696,232,3,7,2,26,26,26,26,26,0,1,287.435,42,160.72
697,233,1,5,2,3,3,3,3,3,1,1,287.423,42,210.657
698,233,2,5,2,3,3,3,3,3,1,1,287.816,42,214.59
699,233,3,5,2,3,3,3,3,3,1,1,287.611,41,222.07
700,234,1,5,2,3,3,3,3,3,1,1,287.603,41,180.303
701,234,2,5,2,3,3,3,3,3,1,1,287.307,42,170.684
702,234,3,5,2,3,3,3,3,3,1,1,288.101,42,171.507
703,235,1,9,3,7,7,7,7,7,2,1,287.352,42,315.011
704,235,2,9,3,7,7,7,7,7,2,1,287.712,41,305.962
705,235,3,9,3,7,7,7,7,7,2,1,287.036,42,318.988
706,236,1,5,2,2,2,2,2,2,3,1,287.22,42,421.412
707,236,2,5,2,2,2,2,2,2,3,1,287.344,41,425.483
708,236,3,5,2,2,2,2,2,2,3,1,287.61,42,416.321
709,237,1,9,4,11,11,11,11,11,0,1,287.553,42,7452.17
710,237,2,9,4,11,11,11,11,11,0,1,287.349,42,7443.1
711,237,3,9,4,11,11,11,11,11,0,1,287.276,41,7348.33
712,238,1,3,1,5,5,5,5,5,0,1,287.458,41,148.949
713,238,2,3,1,5,5,5,5,5,0,1,287.196,41,147.901
714,238,3,3,1,5,5,5,5,5,0,1,287.545,42,149.416
715,239,1,5,2,3,3,3,3,3,1,1,287.432,42,675.829
716,239,2,5,2,3,3,3,3,3,1,1,287.261,42,656.312
717,239,3,5,2,3,3,3,3,3,1,1,286.934,42,660.888
718,240,1,3,1,5,5,5,5,5,0,1,287.774,41,146.048
719,240,2,3,1,5,5,5,5,5,0,1,287.3,41,145.197
720,240,3,3,1,5,5,5,5,5,0,1,287.458,42,145.877
721,241,1,7,3,7,7,7,7,7,0,1,287.767,42,270.35
722,241,2,7,3,7,7,7,7,7,0,1,286.991,41,273.355
723,241,3,7,3,7,7,7,7,7,0,1,287.593,42,269.713
724,242,1,5,1,4,4,4,4,4,1,1,287.216,41,144.511
725,242,2,5,1,4,4,4,4,4,1,1,287.515,42,142.852
726,242,3,5,1,4,4,4,4,4,1,1,287.666,41,141.784
727,243,1,4,1,3,3,3,3,3,3,1,287.218,42,475.276
728,243,2,4,1,3,3,3,3,3,3,1,287.438,42,477.108
729,243,3,4,1,3,3,3,3,3,3,1,287.207,42,474.174
730,244,1,6,2,5,5,5,5,5,1,1,287.34,42,163.94
731,244,2,6,2,5,5,5,5,5,1,1,287.058,41,148.763
732,244,3,6,2,5,5,5,5,5,1,1,286.819,42,148.679
733,245,1,5,2,4,4,4,4,4,1,1,287.084,42,186.515
734,245,2,5,2,4,4,4,4,4,1,1,287.153,41,191.359
735,245,3,5,2,4,4,4,4,4,1,1,290.419,42,199.38
736,246,1,3,1,4,4,4,4,4,0,1,289.675,41,163.486
737,246,2,3,1,4,4,4,4,4,0,1,288.241,41,165.991
738,246,3,3,1,4,4,4,4,4,0,1,288.288,42,160.316
739,247,1,9,3,5,5,5,5,5,1,1,286.966,42,28676.8
740,247,2,9,3,5,5,5,5,5,1,1,287.357,42,29829.4
741,247,3,9,3,5,5,5,5,5,1,1,287.274,42,29661.2
742,248,1,7,2,29,29,29,29,29,0,1,287.681,42,173.013
743,248,2,7,2,29,29,29,29,29,0,1,287.031,42,149.588
744,248,3,7,2,29,29,29,29,29,0,1,287.267,42,151.5
745,249,1,6,2,8,8,8,8,8,0,1,287.098,42,305.342
746,249,2,6,2,8,8,8,8,8,0,1,287.853,42,303.448
747,249,3,6,2,8,8,8,8,8,0,1,287.267,42,304.318
748,250,1,5,2,8,8,8,8,8,0,1,287.486,41,190.529
749,250,2,5,2,8,8,8,8,8,0,1,287.255,41,191.655
750,250,3,5,2,8,8,8,8,8,0,1,287.315,42,189.71
751,251,1,4,1,6,6,6,6,6,0,1,287.789,42,154.961
752,251,2,4,1,6,6,6,6,6,0,1,287.578,42,153.392
753,251,3,4,1,6,6,6,6,6,0,1,287.537,42,155.127
754,252,1,10,3,16,16,16,16,16,2,1,287.186,41,687.554
755,252,2,10,3,16,16,16,16,16,2,1,287.754,42,689.282
756,252,3,10,3,16,16,16,16,16,2,1,287.311,41,685.59
757,253,1,4,2,3,3,3,3,3,0,1,287.567,41,369.085
758,253,2,4,2,3,3,3,3,3,0,1,287.628,41,354.653
759,253,3,4,2,3,3,3,3,3,0,1,287.2,42,355.591
760,254,1,6,2,25,25,25,25,25,0,1,288.014,42,146.571
761,254,2,6,2,25,25,25,25,25,0,1,287.14,41,145.38
762,254,3,6,2,25,25,25,25,25,0,1,287.121,42,146.216
763,255,1,5,2,5,5,5,5,5,0,1,287.429,41,157.359
764,255,2,5,2,5,5,5,5,5,0,1,286.995,42,158.234
765,255,3,5,2,5,5,5,5,5,0,1,287.989,42,159.387
766,256,1,5,2,3,3,3,3,3,1,1,287.229,42,145.488
767,256,2,5,2,3,3,3,3,3,1,1,287.59,42,142.087
768,256,3,5,2,3,3,3,3,3,1,1,287.029,41,143.661
769,257,1,5,2,3,3,3,3,3,1,1,287.617,42,182.381
770,257,2,4,2,3,3,3,3,3,1,1,287.419,41,157.75
771,257,3,4,2,3,3,3,3,3,1,1,287.465,41,159.509
772,258,1,5,3,8,8,8,8,8,0,1,287.354,42,703.612
773,258,2,5,3,8,8,8,8,8,0,1,287.104,42,682.188
774,258,3,5,3,8,8,8,8,8,0,1,287.625,42,692.581
775,259,1,6,2,7,7,7,7,7,0,1,286.892,42,587.976
776,259,2,6,2,7,7,7,7,7,0,1,288.32,41,596.248
777,259,3,6,2,7,7,7,7,7,0,1,287.61,42,596.56
778,260,1,5,2,6,6,6,6,6,1,1,287.673,42,302.189
779,260,2,5,2,6,6,6,6,6,1,1,287.632,41,303.729
780,260,3,5,2,6,6,6,6,6,1,1,287.459,42,302.165
781,261,1,3,2,3,3,3,3,3,0,1,287.605,42,166.503
782,261,2,3,2,3,3,3,3,3,0,1,289.925,42,166.014
783,261,3,3,2,3,3,3,3,3,0,1,287.273,41,173.972
784,262,1,9,3,14,14,14,14,14,2,1,288.239,42,318.759
785,262,2,9,3,14,14,14,14,14,2,1,287.296,42,311.708
786,262,3,9,3,14,14,14,14,14,2,1,287.202,42,348.133
787,263,1,8,3,7,7,7,7,7,2,1,287.418,41,195.058
788,263,2,8,3,7,7,7,7,7,2,1,287.428,42,200.465
789,263,3,8,3,7,7,7,7,7,2,1,287.605,41,203.825
790,264,1,6,2,6,6,6,6,6,1,1,287.428,42,165.723
791,264,2,6,2,6,6,6,6,6,1,1,287.222,42,151.463
792,264,3,6,2,6,6,6,6,6,1,1,287.335,42,161.371
793,265,1,7,2,9,9,9,9,9,0,1,287.321,41,273.326
794,265,2,7,2,9,9,9,9,9,0,1,290.748,41,282.618
795,265,3,7,2,9,9,9,9,9,0,1,288.583,42,283.197
796,266,1,8,3,7,7,7,7,7,2,1,287.133,41,195.375
797,266,2,8,3,7,7,7,7,7,2,1,287.046,42,188.03
798,266,3,8,3,7,7,7,7,7,2,1,287.133,42,203.454
799,267,1,3,1,2,2,2,2,2,0,1,287.916,41,179.549
800,267,2,3,1,2,2,2,2,2,0,1,287.213,42,162.983
801,267,3,3,1,2,2,2,2,2,0,1,287.689,42,179.225
802,268,1,5,2,4,4,4,4,4,1,1,286.921,42,204.933
803,268,2,5,2,4,4,4,4,4,1,1,287.522,42,145.799
804,268,3,5,2,4,4,4,4,4,1,1,286.74,42,142.739
805,269,1,8,3,9,9,9,9,9,0,1,287.271,41,1559.1
806,269,2,8,3,9,9,9,9,9,0,1,287.249,42,1568.48
807,269,3,8,3,9,9,9,9,9,0,1,286.813,42,1607.86
808,270,1,6,2,9,9,9,9,9,0,1,287.426,42,284.681
809,270,2,6,2,9,9,9,9,9,0,1,287.206,41,281.522
810,270,3,6,2,9,9,9,9,9,0,1,288.756,42,284.042
811,271,1,6,1,19,19,19,19,19,0,1,287.262,42,146.417
812,271,2,6,1,19,19,19,19,19,0,1,287.23,42,150.086
813,271,3,6,1,19,19,19,19,19,0,1,287.624,42,148.27
814,272,1,2,1,1,1,1,1,1,0,1,287.203,41,145.02
815,272,2,2,1,1,1,1,1,1,0,1,287.468,42,159.306
816,272,3,2,1,1,1,1,1,1,0,1,287.444,42,147.434
817,273,1,5,1,3,3,3,3,3,1,1,287.407,42,468.977
818,273,2,5,1,3,3,3,3,3,1,1,287.525,42,470.485
819,273,3,5,1,3,3,3,3,3,1,1,287.635,41,471.559
820,274,1,3,1,2,2,2,2,2,0,1,287.216,42,160.209
821,274,2,3,1,2,2,2,2,2,0,1,287.404,42,163.408
822,274,3,3,1,2,2,2,2,2,0,1,287.753,42,145.741
823,275,1,4,1,5,5,5,5,5,0,1,286.877,42,161.129
824,275,2,4,1,5,5,5,5,5,0,1,287.755,41,163.145
825,275,3,4,1,5,5,5,5,5,0,1,286.94,42,159.882
826,276,1,6,2,11,11,11,11,11,0,1,287.392,41,682.528
827,276,2,6,2,11,11,11,11,11,0,1,287.787,42,680.874
828,276,3,6,2,11,11,11,11,11,0,1,287.229,42,683.404
829,277,1,3,2,2,2,2,2,2,0,1,286.925,42,144.754
830,277,2,3,2,2,2,2,2,2,0,1,287.576,42,160.31
831,277,3,3,2,2,2,2,2,2,0,1,287.266,41,153.434
832,278,1,7,3,6,6,6,6,6,1,1,287.123,42,158.94
833,278,2,7,3,6,6,6,6,6,1,1,287.081,42,156.966
834,278,3,7,3,6,6,6,6,6,1,1,287.537,42,157.825
835,279,1,5,2,6,6,6,6,6,0,1,287.498,42,174.071
836,279,2,5,2,6,6,6,6,6,0,1,287.313,42,172.1
837,279,3,5,2,6,6,6,6,6,0,1,287.788,41,174.044
838,280,1,7,3,7,7,7,7,7,0,1,287.124,41,294.527
839,280,2,7,3,7,7,7,7,7,0,1,287.516,41,292.459
840,280,3,7,3,7,7,7,7,7,0,1,287.992,42,302.194
841,281,1,8,3,14,14,14,14,14,1,1,287.288,42,1821.76
842,281,2,8,3,14,14,14,14,14,1,1,287.102,41,1815.53
843,281,3,8,3,14,14,14,14,14,1,1,287.379,42,1806.57
844,282,1,3,1,4,4,4,4,4,0,1,287.232,41,177.959
845,282,2,3,1,4,4,4,4,4,0,1,286.904,42,160.709
846,282,3,3,1,4,4,4,4,4,0,1,286.874,42,162.107
847,283,1,3,1,4,4,4,4,4,0,1,287.414,42,162.809
848,283,2,3,1,4,4,4,4,4,0,1,287.302,42,162.456
849,283,3,3,1,4,4,4,4,4,0,1,286.599,41,162.696
850,284,1,7,2,6,6,6,6,6,1,1,287.594,42,167.372
851,284,2,7,2,6,6,6,6,6,1,1,287.383,42,168.949
852,284,3,7,2,6,6,6,6,6,1,1,287.334,41,165.245
853,285,1,7,2,7,7,7,7,7,2,1,287.119,42,161.968
854,285,2,7,2,7,7,7,7,7,2,1,287.177,42,160.59
855,285,3,7,2,7,7,7,7,7,2,1,287.261,42,161.153
856,286,1,3,1,3,3,3,3,3,0,1,290.347,42,148.479
857,286,2,3,1,3,3,3,3,3,0,1,287.159,42,156.332
858,286,3,3,1,3,3,3,3,3,0,1,287.668,42,150.096
859,287,1,6,2,4,4,4,4,4,1,1,287.177,41,173.234
860,287,2,6,2,4,4,4,4,4,1,1,287.081,42,151.389
861,287,3,6,2,4,4,4,4,4,1,1,289.534,41,154.79
862,288,1,5,2,4,4,4,4,4,1,1,289.768,42,663.328
863,288,2,5,2,4,4,4,4,4,1,1,290.015,42,656.879
864,288,3,5,2,4,4,4,4,4,1,1,289.525,41,658.844
865,289,1,3,1,3,3,3,3,3,0,1,287.171,42,223.752
866,289,2,3,1,3,3,3,3,3,0,1,287.208,41,148.271
867,289,3,3,1,3,3,3,3,3,0,1,287.335,42,147.152
868,290,1,9,2,32,32,32,32,32,0,1,286.987,42,217.515
869,290,2,9,2,32,32,32,32,32,0,1,289.327,42,218.045
870,290,3,9,2,32,32,32,32,32,0,1,290.0,42,228.288
871,291,1,6,2,3,3,3,3,3,1,1,287.474,42,157.516
872,291,2,6,2,3,3,3,3,3,1,1,286.914,42,154.646
873,291,3,6,2,3,3,3,3,3,1,1,287.063,41,155.747
874,292,1,3,1,5,5,5,5,5,0,1,291.577,42,179.743
875,292,2,3,1,5,5,5,5,5,0,1,289.398,41,166.971
876,292,3,3,1,5,5,5,5,5,0,1,287.178,42,167.277
877,293,1,4,1,4,4,4,4,4,1,1,286.773,42,152.042
878,293,2,4,1,4,4,4,4,4,1,1,287.042,42,148.456
879,293,3,4,1,4,4,4,4,4,1,1,287.362,42,149.946
880,294,1,5,2,3,3,3,3,3,1,1,289.466,42,151.904
881,294,2,5,2,3,3,3,3,3,1,1,287.517,41,154.281
882,294,3,5,2,3,3,3,3,3,1,1,287.331,42,152.769
883,295,1,4,1,11,11,11,11,11,0,1,287.26,41,171.489
884,295,2,4,1,11,11,11,11,11,0,1,287.01,42,162.635
885,295,3,4,1,11,11,11,11,11,0,1,291.004,42,165.11
886,296,1,3,1,2,2,2,2,2,0,1,289.172,41,161.81
887,296,2,3,1,2,2,2,2,2,0,1,286.76,42,170.385
888,296,3,3,1,2,2,2,2,2,0,1,287.312,42,169.175
889,297,1,6,1,21,21,21,21,21,0,1,286.763,42,167.007
890,297,2,6,1,21,21,21,21,21,0,1,287.933,42,151.61
891,297,3,6,1,21,21,21,21,21,0,1,291.191,42,154.396
892,298,1,4,1,2,2,2,2,2,1,1,289.9,41,148.632
893,298,2,4,1,2,2,2,2,2,1,1,287.153,42,151.887
894,298,3,4,1,2,2,2,2,2,1,1,287.134,42,151.693
895,299,1,6,4,7,7,7,7,7,1,1,287.201,42,159.91
896,299,2,6,4,7,7,7,7,7,1,1,287.193,42,164.244
897,299,3,6,4,7,7,7,7,7,1,1,291.696,42,155.635
898,300,1,7,1,30,30,30,30,30,0,1,289.804,42,150.062
899,300,2,7,1,30,30,30,30,30,0,1,287.291,42,154.176
900,300,3,7,1,30,30,30,30,30,0,1,287.134,41,157.72
901,301,1,5,2,4,4,4,4,4,1,1,287.357,41,558.122
902,301,2,5,2,4,4,4,4,4,1,1,287.309,42,564.029
903,301,3,5,2,4,4,4,4,4,1,1,287.058,42,570.915
904,302,1,6,2,3,3,3,3,3,1,1,291.886,42,167.992
905,302,2,6,2,3,3,3,3,3,1,1,289.614,41,154.772
906,302,3,6,2,3,3,3,3,3,1,1,287.67,42,156.04
907,303,1,6,2,8,8,8,8,8,0,1,287.466,42,294.199
908,303,2,6,2,8,8,8,8,8,0,1,287.56,42,295.142
909,303,3,6,2,8,8,8,8,8,0,1,287.157,42,290.112
910,304,1,9,3,11,11,11,11,11,0,1,286.982,42,14952.7
911,304,2,9,3,11,11,11,11,11,0,1,289.189,42,14286.2
912,304,3,9,3,11,11,11,11,11,0,1,286.946,42,14376.5
913,305,1,6,2,4,4,4,4,4,1,1,287.153,42,619.427
914,305,2,6,2,4,4,4,4,4,1,1,287.135,42,633.958
915,305,3,6,2,4,4,4,4,4,1,1,287.163,42,630.385
916,306,1,5,2,3,3,3,3,3,1,1,287.664,42,165.226
917,306,2,5,2,3,3,3,3,3,1,1,290.309,41,163.014
918,306,3,5,2,3,3,3,3,3,1,1,289.9,42,170.061
919,307,1,4,0,4,4,4,4,4,1,0,287.066,41,219.829
920,307,2,4,0,4,4,4,4,4,1,0,287.322,42,214.635
921,307,3,4,0,4,4,4,4,4,1,0,287.244,42,214.602
922,308,1,6,2,9,9,9,9,9,0,1,287.686,42,247.017
923,308,2,6,2,9,9,9,9,9,0,1,289.12,41,258.032
924,308,3,6,2,9,9,9,9,9,0,1,287.762,41,251.599
925,309,1,9,5,12,12,12,12,12,0,1,287.085,41,22987.0
926,309,2,9,5,12,12,12,12,12,0,1,288.519,42,23072.2
927,309,3,9,5,12,12,12,12,12,0,1,288.342,41,23192.0
928,310,1,5,1,4,4,4,4,4,1,1,287.341,41,258.528
929,310,2,5,1,4,4,4,4,4,1,1,287.346,42,258.302
930,310,3,5,1,4,4,4,4,4,1,1,288.212,42,258.53
931,311,1,4,1,5,5,5,5,5,0,1,287.26,42,188.375
932,311,2,4,1,5,5,5,5,5,0,1,288.1,42,189.589
933,311,3,4,1,5,5,5,5,5,0,1,287.001,41,201.62
934,312,1,5,2,4,4,4,4,4,1,1,287.655,42,160.122
935,312,2,5,2,4,4,4,4,4,1,1,287.43,42,161.216
936,312,3,5,2,4,4,4,4,4,1,1,287.166,41,157.469
937,313,1,8,3,10,10,10,10,10,2,1,286.827,41,224.499
938,313,2,8,3,10,10,10,10,10,2,1,288.009,42,200.464
939,313,3,8,3,10,10,10,10,10,2,1,287.346,42,209.417
940,314,1,5,2,3,3,3,3,3,1,1,287.061,41,585.414
941,314,2,5,2,3,3,3,3,3,1,1,287.124,42,586.6
942,314,3,5,2,3,3,3,3,3,1,1,287.533,42,589.406
943,315,1,5,2,3,3,3,3,3,1,1,287.581,42,145.203
944,315,2,5,2,3,3,3,3,3,1,1,287.194,42,144.678
945,315,3,5,2,3,3,3,3,3,1,1,287.153,42,147.209
946,316,1,7,2,4,4,4,4,4,1,1,287.369,42,165.642
947,316,2,7,2,4,4,4,4,4,1,1,287.506,42,166.622
948,316,3,7,2,4,4,4,4,4,1,1,287.103,42,166.744
949,317,1,7,2,16,16,16,16,16,0,1,287.574,41,528.524
950,317,2,7,2,16,16,16,16,16,0,1,286.857,41,527.358
951,317,3,7,2,16,16,16,16,16,0,1,287.086,41,533.602
952,318,1,5,2,8,8,8,8,8,0,1,287.21,41,589.165
953,318,2,5,2,8,8,8,8,8,0,1,286.981,42,567.556
954,318,3,5,2,8,8,8,8,8,0,1,287.856,42,583.419
955,319,1,3,1,1,1,1,1,1,1,1,287.585,42,189.358
956,319,2,3,1,1,1,1,1,1,1,1,287.177,42,187.915
957,319,3,3,1,1,1,1,1,1,1,1,287.12,42,185.725
958,320,1,4,1,7,7,7,7,7,0,1,287.211,42,154.619
959,320,2,4,1,7,7,7,7,7,0,1,287.468,42,153.645
960,320,3,4,1,7,7,7,7,7,0,1,286.899,42,158.27
961,321,1,6,2,3,3,3,3,3,1,1,287.303,42,1627.42
962,321,2,6,2,3,3,3,3,3,1,1,287.491,41,1628.48
963,321,3,6,2,3,3,3,3,3,1,1,287.58,42,1618.9
964,322,1,6,2,3,3,3,3,3,1,1,286.85,41,160.731
965,322,2,6,2,3,3,3,3,3,1,1,287.004,41,151.639
966,322,3,6,2,3,3,3,3,3,1,1,287.287,41,165.652
967,323,1,4,1,3,3,3,3,3,1,1,287.696,42,188.17
968,323,2,4,1,3,3,3,3,3,1,1,287.327,42,189.36
969,323,3,4,1,3,3,3,3,3,1,1,287.17,42,189.037
970,324,1,3,2,3,3,3,3,3,0,1,286.918,42,194.626
971,324,2,3,2,3,3,3,3,3,0,1,286.916,42,197.029
972,324,3,3,2,3,3,3,3,3,0,1,287.096,42,198.016
973,325,1,4,1,5,5,5,5,5,0,1,287.165,42,158.198
974,325,2,4,1,5,5,5,5,5,0,1,287.626,41,158.489
975,325,3,4,1,5,5,5,5,5,0,1,287.403,42,155.607
976,326,1,5,2,3,3,3,3,3,1,1,287.522,41,186.349
977,326,2,5,2,3,3,3,3,3,1,1,286.956,42,188.19
978,326,3,5,2,3,3,3,3,3,1,1,287.464,41,186.512
979,327,1,5,1,5,5,5,5,5,1,1,287.306,42,188.181
980,327,2,5,1,5,5,5,5,5,1,1,287.121,41,188.529
981,327,3,5,1,5,5,5,5,5,1,1,287.279,42,202.586
982,328,1,3,1,3,3,3,3,3,0,1,287.009,42,158.445
983,328,2,3,1,3,3,3,3,3,0,1,287.85,41,162.386
984,328,3,3,1,3,3,3,3,3,0,1,287.341,42,157.205
985,329,1,8,3,7,7,7,7,7,1,1,287.13,41,201.904
986,329,2,8,3,7,7,7,7,7,1,1,288.179,41,200.022
987,329,3,8,3,7,7,7,7,7,1,1,287.766,42,200.89
988,330,1,6,1,10,10,10,10,10,0,1,287.299,41,155.489
989,330,2,6,1,10,10,10,10,10,0,1,287.412,42,153.874
990,330,3,6,1,10,10,10,10,10,0,1,286.783,42,154.82
991,331,1,4,1,5,5,5,5,5,0,1,288.381,42,160.467
992,331,2,4,1,5,5,5,5,5,0,1,286.593,41,155.069
993,331,3,4,1,5,5,5,5,5,0,1,287.238,41,155.281
994,332,1,5,2,5,5,5,5,5,1,1,287.034,41,149.468
995,332,2,5,2,5,5,5,5,5,1,1,287.424,41,147.873
996,332,3,5,2,5,5,5,5,5,1,1,287.417,42,165.0
997,333,1,8,3,7,7,7,7,7,2,1,287.145,41,181.233
998,333,2,8,3,7,7,7,7,7,2,1,287.139,42,180.492
999,333,3,8,3,7,7,7,7,7,2,1,286.707,42,182.738
1000,334,1,5,2,4,4,4,4,4,0,1,287.35,42,224.568
1001,334,2,5,2,4,4,4,4,4,0,1,287.158,42,223.87
1002,334,3,5,2,4,4,4,4,4,0,1,289.233,42,222.665
1003,335,1,4,1,3,3,3,3,3,1,1,288.311,42,164.063
1004,335,2,4,1,3,3,3,3,3,1,1,287.22,42,162.193
1005,335,3,4,1,3,3,3,3,3,1,1,287.31,42,165.915
1006,336,1,6,2,4,4,4,4,4,1,1,287.446,41,195.832
1007,336,2,6,2,4,4,4,4,4,1,1,287.187,42,197.922
1008,336,3,6,2,4,4,4,4,4,1,1,287.322,42,199.105
1009,337,1,7,2,9,9,9,9,9,0,1,287.511,42,6343.96
1010,337,2,7,2,9,9,9,9,9,0,1,287.403,42,6359.93
1011,337,3,7,2,9,9,9,9,9,0,1,286.864,42,6343.08
1012,338,1,2,2,1,1,1,1,1,0,1,287.565,42,142.665
1013,338,2,2,2,1,1,1,1,1,0,1,286.922,42,139.259
1014,338,3,2,2,1,1,1,1,1,0,1,287.312,41,141.24
1015,339,1,8,2,6,6,6,6,6,2,1,286.907,42,180.642
1016,339,2,8,2,6,6,6,6,6,2,1,287.167,42,178.855
1017,339,3,8,2,6,6,6,6,6,2,1,287.241,42,182.47
1018,340,1,3,1,4,4,4,4,4,0,1,287.382,42,156.632
1019,340,2,3,1,4,4,4,4,4,0,1,287.479,42,157.189
1020,340,3,3,1,4,4,4,4,4,0,1,286.961,42,156.755
1021,341,1,2,1,2,2,2,2,2,0,1,287.625,42,164.349
1022,341,2,2,1,2,2,2,2,2,0,1,287.445,41,179.061
1023,341,3,2,1,2,2,2,2,2,0,1,287.475,41,165.545
1024,342,1,5,3,5,5,5,5,5,1,1,287.025,42,150.282
1025,342,2,6,3,5,5,5,5,5,1,1,287.137,42,150.955
1026,342,3,6,3,5,5,5,5,5,1,1,287.329,42,152.365
1027,343,1,4,3,4,4,4,4,4,0,1,287.179,42,163.144
1028,343,2,4,3,4,4,4,4,4,0,1,288.168,42,161.926
1029,343,3,4,3,4,4,4,4,4,0,1,287.462,42,161.64
1030,344,1,4,1,3,3,3,3,3,3,1,287.15,41,144.903
1031,344,2,4,1,3,3,3,3,3,3,1,287.087,41,143.393
1032,344,3,4,1,3,3,3,3,3,3,1,287.278,42,142.821
1033,345,1,7,3,5,5,5,5,5,2,1,287.08,42,160.657
1034,345,2,7,3,5,5,5,5,5,2,1,287.42,42,161.742
1035,345,3,7,3,5,5,5,5,5,2,1,287.333,42,160.65
1036,346,1,3,1,3,3,3,3,3,0,1,287.249,42,190.358
1037,346,2,3,1,3,3,3,3,3,0,1,286.941,41,207.121
1038,346,3,3,1,3,3,3,3,3,0,1,287.149,42,190.577
1039,347,1,4,1,5,5,5,5,5,0,1,287.011,41,163.825
1040,347,2,4,1,5,5,5,5,5,0,1,287.129,42,168.32
1041,347,3,4,1,5,5,5,5,5,0,1,287.392,41,165.823
1042,348,1,3,1,1,1,1,1,1,1,1,287.598,42,154.896
1043,348,2,3,1,1,1,1,1,1,1,1,287.451,42,180.685
1044,348,3,3,1,1,1,1,1,1,1,1,287.579,41,153.094
1045,349,1,4,2,4,4,4,4,4,0,1,287.34,42,166.792
1046,349,2,4,2,4,4,4,4,4,0,1,287.603,42,167.391
1047,349,3,4,2,4,4,4,4,4,0,1,287.133,42,168.72
1048,350,1,7,2,9,9,9,9,9,0,1,287.064,42,468.497
1049,350,2,7,2,9,9,9,9,9,0,1,287.29,42,471.929
1050,350,3,7,2,9,9,9,9,9,0,1,287.352,42,467.893
1051,351,1,6,2,6,6,6,6,6,0,1,287.448,42,2202.51
1052,351,2,6,2,6,6,6,6,6,0,1,286.885,42,2222.87
1053,351,3,6,2,6,6,6,6,6,0,1,287.19,41,2224.32
1054,352,1,4,1,2,2,2,2,2,1,1,287.663,41,176.675
1055,352,2,4,1,2,2,2,2,2,1,1,287.146,42,176.87
1056,352,3,4,1,2,2,2,2,2,1,1,287.769,42,174.515
1057,353,1,7,3,4,4,4,4,4,0,1,286.987,42,586.324
1058,353,2,7,3,4,4,4,4,4,0,1,287.172,42,580.683
1059,353,3,7,3,4,4,4,4,4,0,1,287.305,42,582.489
1060,354,1,8,4,9,9,9,9,9,0,1,287.138,42,574.576
1061,354,2,8,4,9,9,9,9,9,0,1,287.638,41,580.73
1062,354,3,8,4,9,9,9,9,9,0,1,287.457,42,574.087
1063,355,1,4,1,11,11,11,11,11,0,1,287.314,41,159.373
1064,355,2,4,1,11,11,11,11,11,0,1,287.204,42,159.632
1065,355,3,4,1,11,11,11,11,11,0,1,287.494,42,160.456
1066,356,1,8,3,6,6,6,6,6,1,1,287.204,42,216.527
1067,356,2,8,3,6,6,6,6,6,1,1,286.953,42,199.455
1068,356,3,8,3,6,6,6,6,6,1,1,287.574,41,197.48
1069,357,1,5,2,8,8,8,8,8,0,1,288.671,41,664.932
1070,357,2,5,2,8,8,8,8,8,0,1,289.657,42,656.153
1071,357,3,5,2,8,8,8,8,8,0,1,291.191,42,660.372
1072,358,1,7,2,5,5,5,5,5,2,1,287.591,42,167.644
1073,358,2,7,2,5,5,5,5,5,2,1,287.327,42,162.765
1074,358,3,7,2,5,5,5,5,5,2,1,287.082,42,168.871
1075,359,1,6,2,4,4,4,4,4,1,1,287.355,41,177.456
1076,359,2,6,2,4,4,4,4,4,1,1,289.293,42,178.921
1077,359,3,6,2,4,4,4,4,4,1,1,288.54,41,187.273
1078,360,1,4,1,7,7,7,7,7,0,1,287.049,42,299.704
1079,360,2,4,1,7,7,7,7,7,0,1,286.973,42,308.064
1080,360,3,4,1,7,7,7,7,7,0,1,286.652,42,304.23
1081,361,1,7,1,24,24,24,24,24,0,1,287.371,42,179.794
1082,361,2,7,1,24,24,24,24,24,0,1,288.889,42,162.329
1083,361,3,7,1,24,24,24,24,24,0,1,288.276,42,170.98
1084,362,1,4,2,3,3,3,3,3,0,1,286.915,41,182.979
1085,362,2,4,2,3,3,3,3,3,0,1,286.548,42,173.255
1086,362,3,4,2,3,3,3,3,3,0,1,287.285,42,179.726
1087,363,1,11,5,11,11,11,11,11,0,1,291.127,41,29328.4
1088,363,2,11,5,11,11,11,11,11,0,1,286.752,42,28654.1
1089,363,3,11,5,11,11,11,11,11,0,1,287.393,42,28720.9
1090,364,1,3,1,5,5,5,5,5,0,1,286.955,42,165.608
1091,364,2,3,1,5,5,5,5,5,0,1,289.617,42,158.617
1092,364,3,3,1,5,5,5,5,5,0,1,286.748,42,161.879
1093,365,1,6,2,8,8,8,8,8,0,1,286.99,42,207.059
1094,365,2,6,2,8,8,8,8,8,0,1,287.136,42,204.673
1095,365,3,6,2,8,8,8,8,8,0,1,287.26,42,205.557
1096,366,1,7,2,6,6,6,6,6,1,1,291.159,42,267.024
1097,366,2,7,2,6,6,6,6,6,1,1,289.099,42,284.363
1098,366,3,7,2,6,6,6,6,6,1,1,288.123,41,271.222
1099,367,1,2,1,2,2,2,2,2,0,1,286.954,42,157.173
1100,367,2,2,1,2,2,2,2,2,0,1,287.105,42,155.069
1101,367,3,2,1,2,2,2,2,2,0,1,287.457,42,155.737
1102,368,1,4,1,11,11,11,11,11,0,1,290.088,42,162.087
1103,368,2,4,1,11,11,11,11,11,0,1,289.049,42,166.164
1104,368,3,4,1,11,11,11,11,11,0,1,286.83,42,164.891
1105,369,1,6,1,19,19,19,19,19,0,1,286.956,41,152.16
1106,369,2,6,1,19,19,19,19,19,0,1,288.109,42,152.649
1107,369,3,6,1,19,19,19,19,19,0,1,287.241,42,149.671
1108,370,1,5,2,4,4,4,4,4,1,1,289.213,42,199.258
1109,370,2,5,2,4,4,4,4,4,1,1,289.935,41,208.656
1110,370,3,5,2,4,4,4,4,4,1,1,286.959,42,203.093
1111,371,1,5,1,4,4,4,4,4,1,1,286.864,41,535.745
1112,371,2,5,1,4,4,4,4,4,1,1,287.347,41,549.353
1113,371,3,5,1,4,4,4,4,4,1,1,287.141,42,526.92
1114,372,1,5,1,8,8,8,8,8,0,1,287.109,42,317.429
1115,372,2,5,1,8,8,8,8,8,0,1,287.199,41,331.199
1116,372,3,5,1,8,8,8,8,8,0,1,290.567,41,311.568
1117,373,1,5,2,3,3,3,3,3,1,1,289.903,42,251.28
1118,373,2,5,2,3,3,3,3,3,1,1,287.122,42,251.396
1119,373,3,5,2,3,3,3,3,3,1,1,287.082,42,249.982
1120,374,1,4,1,3,3,3,3,3,1,1,286.843,42,243.455
1121,374,2,4,1,3,3,3,3,3,1,1,287.043,42,253.133
1122,374,3,4,1,3,3,3,3,3,1,1,287.128,42,251.679
1123,375,1,6,3,7,7,7,7,7,0,1,291.72,42,217.291
1124,375,2,6,3,7,7,7,7,7,0,1,289.415,42,211.121
1125,375,3,6,3,7,7,7,7,7,0,1,287.09,42,211.296
1126,376,1,5,2,6,6,6,6,6,0,1,287.359,42,201.104
1127,376,2,5,2,6,6,6,6,6,0,1,286.748,41,216.97
1128,376,3,5,2,6,6,6,6,6,0,1,286.574,41,202.346
1129,377,1,8,2,8,8,8,8,8,2,1,287.32,42,13078.6
1130,377,2,8,2,8,8,8,8,8,2,1,286.758,42,13045.5
1131,377,3,8,2,8,8,8,8,8,2,1,287.207,42,13143.2
1132,378,1,9,3,13,13,13,13,13,0,1,286.852,41,9811.31
1133,378,2,9,3,13,13,13,13,13,0,1,287.135,42,9714.06
1134,378,3,9,3,13,13,13,13,13,0,1,289.317,42,9886.88
1135,379,1,3,1,2,2,2,2,2,0,1,287.37,41,159.694
1136,379,2,3,1,2,2,2,2,2,0,1,287.108,42,162.208
1137,379,3,3,1,2,2,2,2,2,0,1,287.431,42,149.113
1138,380,1,7,2,8,8,8,8,8,0,1,287.226,42,260.666
1139,380,2,7,2,8,8,8,8,8,0,1,290.517,42,262.57
1140,380,3,7,2,8,8,8,8,8,0,1,289.967,41,267.49
1141,381,1,7,2,40,40,40,40,40,0,1,287.191,41,154.468
1142,381,2,7,2,40,40,40,40,40,0,1,287.144,42,151.109
1143,381,3,7,2,40,40,40,40,40,0,1,286.775,42,168.194
1144,382,1,5,1,3,3,3,3,3,1,1,290.315,41,239.143
1145,382,2,5,1,3,3,3,3,3,1,1,289.102,42,240.649
1146,382,3,5,1,3,3,3,3,3,1,1,288.9,42,244.009
1147,383,1,6,2,13,13,13,13,13,0,1,288.074,42,632.635
1148,383,2,6,2,13,13,13,13,13,0,1,287.342,42,491.063
1149,383,3,6,2,13,13,13,13,13,0,1,287.821,42,491.5
1150,384,1,6,1,19,19,19,19,19,0,1,288.028,41,150.472
1151,384,2,6,1,19,19,19,19,19,0,1,288.544,42,149.993
1152,384,3,6,1,19,19,19,19,19,0,1,287.499,42,151.155
1153,385,1,6,2,4,4,4,4,4,1,1,287.579,42,285.425
1154,385,2,6,2,4,4,4,4,4,1,1,287.953,42,278.854
1155,385,3,6,2,4,4,4,4,4,1,1,287.821,41,279.726
1156,386,1,5,2,4,4,4,4,4,1,1,287.817,42,151.708
1157,386,2,5,2,4,4,4,4,4,1,1,287.337,41,150.377
1158,386,3,5,2,4,4,4,4,4,1,1,287.324,42,151.882
1159,387,1,4,2,3,3,3,3,3,0,1,287.867,42,156.4
1160,387,2,4,2,3,3,3,3,3,0,1,287.346,42,157.111
1161,387,3,4,2,3,3,3,3,3,0,1,287.986,42,162.023
1162,388,1,4,2,10,10,10,10,10,0,1,287.603,42,182.6
1163,388,2,4,2,10,10,10,10,10,0,1,287.535,42,160.316
1164,388,3,4,2,10,10,10,10,10,0,1,287.826,41,165.169
1165,389,1,4,1,3,3,3,3,3,1,1,287.507,42,298.954
1166,389,2,4,1,3,3,3,3,3,1,1,287.497,41,296.702
1167,389,3,4,1,3,3,3,3,3,1,1,287.672,42,299.012
1168,390,1,4,1,3,3,3,3,3,1,1,287.502,41,156.49
1169,390,2,4,1,3,3,3,3,3,1,1,287.364,41,152.939
1170,390,3,4,1,3,3,3,3,3,1,1,287.247,41,153.212
1171,391,1,5,2,3,3,3,3,3,3,1,287.94,42,241.417
1172,391,2,5,2,3,3,3,3,3,3,1,287.798,42,239.424
1173,391,3,5,2,3,3,3,3,3,3,1,287.569,41,249.682
1174,392,1,5,2,3,3,3,3,3,1,1,287.891,41,305.257
1175,392,2,5,2,3,3,3,3,3,1,1,288.037,41,306.426
1176,392,3,5,2,3,3,3,3,3,1,1,287.652,41,304.195
1177,393,1,4,2,2,2,2,2,2,1,1,287.095,42,180.685
1178,393,2,4,2,2,2,2,2,2,1,1,287.516,41,162.148
1179,393,3,4,2,2,2,2,2,2,1,1,287.624,42,166.892
1180,394,1,3,1,4,4,4,4,4,0,1,287.234,42,151.481
1181,394,2,3,1,4,4,4,4,4,0,1,287.566,42,152.543
1182,394,3,3,1,4,4,4,4,4,0,1,287.88,41,151.519
1183,395,1,6,2,18,18,18,18,18,0,1,287.689,42,325.244
1184,395,2,6,2,18,18,18,18,18,0,1,286.799,41,320.109
1185,395,3,6,2,18,18,18,18,18,0,1,287.439,41,324.218
1186,396,1,5,2,4,4,4,4,4,1,1,287.39,42,148.665
1187,396,2,5,2,4,4,4,4,4,1,1,287.194,42,145.414
1188,396,3,5,2,4,4,4,4,4,1,1,287.646,41,149.658
1189,397,1,3,1,3,3,3,3,3,0,1,287.602,42,188.17
1190,397,2,3,1,3,3,3,3,3,0,1,287.195,41,189.274
1191,397,3,3,1,3,3,3,3,3,0,1,287.375,42,188.174
1192,398,1,7,3,14,14,14,14,14,1,1,288.024,41,180.79
1193,398,2,7,3,14,14,14,14,14,1,1,287.433,41,166.347
1194,398,3,7,3,14,14,14,14,14,1,1,287.375,42,167.3
1195,399,1,6,2,4,4,4,4,4,1,1,287.292,42,151.505
1196,399,2,6,2,4,4,4,4,4,1,1,287.081,41,150.55
1197,399,3,6,2,4,4,4,4,4,1,1,287.398,42,150.423
1198,400,1,8,3,4,4,4,4,4,1,1,286.992,42,647.454
1199,400,2,8,3,4,4,4,4,4,1,1,287.836,42,654.033
1200,400,3,8,3,4,4,4,4,4,1,1,289.49,42,644.901
1201,401,1,5,2,3,3,3,3,3,0,1,287.42,42,576.749
1202,401,2,5,2,3,3,3,3,3,0,1,287.61,42,584.828
1203,401,3,5,2,3,3,3,3,3,0,1,287.306,42,581.027
1204,402,1,3,1,3,3,3,3,3,0,1,287.621,42,156.285
1205,402,2,3,1,3,3,3,3,3,0,1,287.592,41,156.827
1206,402,3,3,1,3,3,3,3,3,0,1,287.413,42,155.57
1207,403,1,3,2,2,2,2,2,2,0,1,287.244,42,224.423
1208,403,2,3,2,2,2,2,2,2,0,1,287.653,41,208.525
1209,403,3,3,2,2,2,2,2,2,0,1,287.213,42,210.826
1210,404,1,7,4,5,5,5,5,5,2,1,287.796,42,175.993
1211,404,2,7,4,5,5,5,5,5,2,1,287.214,41,174.754
1212,404,3,7,4,5,5,5,5,5,2,1,287.185,42,173.886
1213,405,1,6,2,4,4,4,4,4,1,1,286.882,41,178.806
1214,405,2,6,2,4,4,4,4,4,1,1,286.893,42,179.676
1215,405,3,6,2,4,4,4,4,4,1,1,287.484,42,182.042
1216,406,1,6,2,7,7,7,7,7,0,1,287.157,42,181.887
1217,406,2,6,2,7,7,7,7,7,0,1,287.055,41,181.183
1218,406,3,6,2,7,7,7,7,7,0,1,287.936,42,180.698
1219,407,1,8,3,4,4,4,4,4,1,1,287.216,41,647.58
1220,407,2,8,3,4,4,4,4,4,1,1,287.304,41,658.267
1221,407,3,8,3,4,4,4,4,4,1,1,288.288,42,659.666
1222,408,1,5,2,4,4,4,4,4,1,1,287.741,41,159.643
1223,408,2,5,2,4,4,4,4,4,1,1,287.371,42,146.231
1224,408,3,5,2,4,4,4,4,4,1,1,287.479,42,146.481
1225,409,1,10,4,5,5,5,5,5,1,1,287.282,41,14587.1
1226,409,2,10,4,5,5,5,5,5,1,1,287.356,42,14522.0
1227,409,3,10,4,5,5,5,5,5,1,1,287.169,42,14533.2
1228,410,1,6,2,9,9,9,9,9,0,1,287.529,41,549.296
1229,410,2,6,2,9,9,9,9,9,0,1,287.05,42,522.877
1230,410,3,6,2,9,9,9,9,9,0,1,286.851,42,523.313
1231,411,1,7,3,17,17,17,17,17,0,1,287.58,42,655.898
1232,411,2,7,3,17,17,17,17,17,0,1,287.18,42,668.133
1233,411,3,7,3,17,17,17,17,17,0,1,287.151,42,661.26
1234,412,1,6,3,8,8,8,8,8,0,1,287.13,42,300.884
1235,412,2,6,3,8,8,8,8,8,0,1,290.73,42,300.602
1236,412,3,6,3,8,8,8,8,8,0,1,286.991,42,300.386
1237,413,1,4,2,9,9,9,9,9,0,1,287.541,42,183.332
1238,413,2,4,2,9,9,9,9,9,0,1,287.226,42,187.979
1239,413,3,4,2,9,9,9,9,9,0,1,288.079,42,184.665
1240,414,1,7,2,4,4,4,4,4,1,1,287.385,42,268.282
1241,414,2,7,2,4,4,4,4,4,1,1,287.625,41,271.221
1242,414,3,7,2,4,4,4,4,4,1,1,287.413,42,284.229
1243,415,1,8,3,17,17,17,17,17,0,1,288.166,42,708.41
1244,415,2,8,3,17,17,17,17,17,0,1,287.971,42,715.123
